List of RealTokens,,,,,,
Short Name,City,Realt Price,Realt APR,RMM,Supply,Volume all time
295 E 238th,Euclid,50.37 $,9.68%,No,120888.00 $,0.00 $
857 E 222nd,Euclid,50.30 $,9.65%,No,110660.00 $,0.00 $
16704 Talford,Cleveland,50.44 $,9.70%,No,104915.20 $,0.00 $
10807 Wadsworth,Garfield Heights,50.01 $,9.62%,No,107521.50 $,0.00 $
5250 Philip,Maple Heights,50.11 $,9.61%,No,102725.50 $,0.00 $
18014 North,Maple Heights,50.51 $,9.70%,No,121224.00 $,0.00 $
1 Holdings McCracken,Garfield Heights,50.29 $,9.63%,No,316827.00 $,0.00 $
Lucero Club 1R4,Detroit,50.73 $,8.03%,No,649344.00 $,0.00 $
22 Lamar,Jennings,50.31 $,9.85%,No,72949.50 $,101.12 $
1760 Elkins,St. Louis,50.40 $,9.76%,No,90720.00 $,5.04 $
9164 Longridge,St. Louis,50.56 $,9.72%,No,70784.00 $,0.51 $
11441-11443 Flanders,Detroit,50.35 $,10.18%,No,110770.00 $,0.00 $
15720 Snowden,Detroit,50.32 $,9.16%,No,70448.00 $,0.00 $
15011 Monte Vista,Detroit,50.33 $,9.20%,No,71971.90 $,10.57 $
18703 Gilchrist,Detroit,50.48 $,9.16%,No,74710.40 $,10.60 $
20013 Revere,Detroit,50.48 $,10.03%,No,69662.40 $,1690.58 $
12789 Birwood,Detroit,50.07 $,9.57%,No,79110.60 $,141.00 $
13885 Bringard,Detroit,50.28 $,9.40%,No,80448.00 $,10.56 $
19555 Barlow,Detroit,50.11 $,9.65%,No,72659.50 $,14.53 $
18605 Orleans,Detroit,50.42 $,10.06%,No,73109.00 $,0.50 $
19335 Rutherford,Detroit,51.41 $,9.49%,No,71974.00 $,977.82 $
20521 Hull,Detroit,50.19 $,9.39%,No,77292.60 $,10.04 $
10048 Grayton,Detroit,51.76 $,9.02%,No,81780.80 $,2060.35 $
3742-3746 Whitney,Detroit,50.14 $,10.62%,No,155434.00 $,4024.16 $
6515-6517 Boxwood,Detroit,50.44 $,10.03%,No,133666.00 $,207.81 $
12047 Nashville,Detroit,50.21 $,9.66%,No,75315.00 $,685.09 $
18429 Fielding,Detroit,50.46 $,9.07%,No,79726.80 $,201.84 $
15285 Fordham,Detroit,50.44 $,9.18%,No,79695.20 $,510.45 $
8644 Greenview,Detroit,50.20 $,9.70%,No,75300.00 $,341.36 $
14872 Ilene,Detroit,50.91 $,9.80%,No,76365.00 $,560.01 $
16728-16730 Woodingham,Detroit,50.49 $,10.05%,No,143896.50 $,3527.53 $
15003 Appoline,Detroit,50.73 $,9.12%,No,78631.50 $,3353.25 $
15019 Steel,Detroit,50.31 $,10.07%,No,137346.30 $,860.80 $
15860 Steel,Detroit,50.38 $,10.39%,No,138545.00 $,2173.55 $
1 Holdings Monterey,Detroit,50.92 $,10.25%,No,381900.00 $,1781.13 $
1 Holdings W Arizona,Highland Park,50.11 $,10.21%,No,192923.50 $,2441.99 $
12130 Manor,Detroit,51.79 $,10.11%,No,72506.00 $,3904.34 $
18662 Blackmoor,Detroit,50.94 $,9.51%,No,76410.00 $,662.22 $
3015 Northwestern,Detroit,50.56 $,9.47%,No,75840.00 $,187.07 $
18415 Fielding,Detroit,50.34 $,9.40%,No,72993.00 $,144.48 $
9576 Grandmont,Detroit,50.23 $,10.09%,No,74340.40 $,6271.39 $
11125 Craft,Detroit,50.21 $,9.21%,No,70796.10 $,5699.84 $
20240 Rogge,Detroit,50.60 $,9.29%,No,71852.00 $,723.58 $
17157 Rowe,Detroit,50.23 $,9.17%,No,71326.60 $,683.13 $
11401 Winthrop,Detroit,50.66 $,9.19%,No,71937.20 $,521.80 $
7913 Faith,Montgomery,52.10 $,7.35%,No,323020.00 $,1177.46 $
17335 Bradford,Detroit,50.69 $,9.15%,No,73500.50 $,773.87 $
15800 Tacoma,Detroit,50.86 $,9.15%,No,71204.00 $,2846.63 $
1 Holdings Strasburg,Detroit,50.38 $,9.22%,No,136026.00 $,2764.15 $
9950 Beaconsfield,Detroit,50.48 $,9.15%,No,70672.00 $,706.72 $
1 Holdings Helen,Detroit,50.06 $,9.12%,No,140168.00 $,1258.52 $
19731 Shields,Detroit,50.89 $,9.85%,No,66157.00 $,1539.42 $
15015 Ward,Detroit,50.63 $,9.62%,No,67337.90 $,215.18 $
13510 Dale,Detroit,50.63 $,9.23%,No,67337.90 $,810.59 $
2476 Clements,Detroit,50.45 $,9.76%,No,69621.00 $,5221.53 $
12236 Sorrento,Detroit,50.70 $,9.71%,No,68445.00 $,608.40 $
5344-5346 Belvidere,Detroit,50.91 $,10.42%,No,84510.60 $,4216.13 $
15225 Bringard,Detroit,50.72 $,9.17%,No,68472.00 $,380.91 $
13595 Griggs,Detroit,50.97 $,9.03%,No,66261.00 $,232.42 $
16051 E State Fair,Detroit,49.65 $,9.86%,No,68517.00 $,6902.21 $
14903 Promenade,Detroit,50.40 $,9.87%,No,69552.00 $,680.40 $
10822 Whitehill,Detroit,50.04 $,9.03%,No,65052.00 $,227.68 $
13700 Dexter,Detroit,50.37 $,10.14%,No,629625.00 $,23646.03 $
1991 Ewald,Detroit,50.47 $,10.11%,No,353290.00 $,19265.73 $
5733 Neely,Montgomery,48.96 $,7.28%,No,210528.00 $,9229.84 $
2 Holdings Arcola,Detroit,50.78 $,10.07%,No,203120.00 $,9820.31 $
2 Holdings Tappan,Detroit,50.63 $,10.23%,No,346815.50 $,4718.72 $
2 Holdings Milton,Detroit,50.47 $,10.38%,No,282632.00 $,14786.71 $
1 Holdings N Arcola,Detroit,50.29 $,10.39%,No,668857.00 $,18534.73 $
1 Holdings Milton,Detroit,50.79 $,10.17%,No,406320.00 $,26024.63 $
1 Holdings Tappan,Detroit,50.26 $,10.18%,No,402080.00 $,14112.05 $
19643 Rogge,Detroit,50.55 $,9.13%,No,74814.00 $,1583.81 $
1 Holdings Palmetto,Detroit,50.60 $,10.11%,No,278300.00 $,9891.77 $
1 Holdings S Arcola,Detroit,50.53 $,10.23%,No,469929.00 $,28143.67 $
1769 Cheryl,Griffin,49.56 $,7.18%,No,307272.00 $,10722.15 $
15084 Lesure,Detroit,51.05 $,9.15%,No,70449.00 $,714.70 $
4021 E Outer,Detroit,53.43 $,9.19%,No,74802.00 $,1175.46 $
17326 Albion,Detroit,50.84 $,9.10%,No,73718.00 $,869.36 $
9117 Manor,Detroit,50.00 $,9.43%,No,125000.00 $,1685.01 $
15824 Cheyenne,Detroit,50.32 $,9.13%,No,70448.00 $,725.11 $
18933 Fairport,Detroit,50.39 $,9.07%,No,68026.50 $,1360.58 $
14260 Roselawn,Detroit,50.85 $,10.03%,No,73732.50 $,2603.52 $
14916 Hubbell,Detroit,50.32 $,9.44%,No,70448.00 $,920.86 $
15110 Freeland,Detroit,50.16 $,9.10%,No,69220.80 $,2954.06 $
17310 Bentler,Detroit,50.84 $,5.43%,No,732096.00 $,6592.88 $
13000 Promenade,Detroit,50.51 $,9.15%,No,78290.50 $,1599.15 $
450 Kitchener,Detroit,51.22 $,9.36%,No,68122.60 $,1247.21 $
433 Kitchener,Detroit,51.97 $,9.32%,No,67561.00 $,1822.07 $
8034 Faith,Montgomery,51.14 $,7.29%,No,327296.00 $,6326.02 $
11380 Pinehurst,Detroit,50.85 $,9.37%,No,69156.00 $,894.96 $
9244 Mendota,Detroit,50.36 $,9.44%,No,62446.40 $,1797.97 $
12145 Kentucky,Detroit,50.98 $,9.37%,No,71372.00 $,1131.25 $
18613 Anglin,Detroit,50.82 $,9.51%,No,69115.20 $,2601.48 $
16012 Maddelein,Detroit,50.16 $,9.45%,No,70224.00 $,2625.47 $
8821 Prairie,Detroit,50.82 $,9.31%,No,69115.20 $,1758.37 $
18524 Patton,Detroit,49.73 $,10.50%,No,92000.50 $,5065.08 $
11924 Wayburn,Detroit,50.10 $,9.52%,No,72645.00 $,2498.81 $
10993 Worden,Detroit,50.90 $,9.54%,No,73805.00 $,1885.26 $
5837 Moran,Detroit,51.53 $,10.04%,No,123672.00 $,3708.59 $
3406 Medbury,Detroit,50.83 $,10.07%,No,127075.00 $,5309.23 $
3728 Atkinson,Detroit,50.28 $,10.06%,No,241344.00 $,15973.25 $
4437 Lillibridge,Detroit,50.71 $,9.42%,No,65923.00 $,2767.50 $
4628 Lillibridge,Detroit,50.29 $,9.11%,No,65377.00 $,2122.24 $
3946 Fairview,Detroit,50.28 $,9.21%,No,65364.00 $,1709.52 $
3888 Fairview,Detroit,51.13 $,9.55%,No,66469.00 $,2579.60 $
3880 Fairview,Detroit,50.70 $,9.36%,No,65910.00 $,1879.02 $
4526 Lillibridge,Detroit,50.71 $,9.24%,No,65923.00 $,620.18 $
4421 Lillibridge,Detroit,51.14 $,9.27%,No,66482.00 $,3375.24 $
3947 Fairview,Detroit,51.13 $,9.15%,No,66469.00 $,2262.50 $
4025 Fairview,Detroit,50.27 $,9.53%,No,65351.00 $,1936.40 $
3996 Lillibridge,Detroit,50.72 $,9.15%,No,65936.00 $,2764.24 $
3965 Fairview,Detroit,50.27 $,9.35%,No,65351.00 $,2865.39 $
3955 Lillibridge,Detroit,51.14 $,9.34%,No,66482.00 $,2861.85 $
3953 Fairview,Detroit,51.99 $,9.45%,No,67587.00 $,3041.41 $
4444 Lillibridge,Detroit,50.28 $,9.38%,No,65364.00 $,3100.95 $
4456 Fairview,Detroit,51.13 $,9.19%,No,66469.00 $,2689.44 $
Villa Marina 514,Detroit,50.92 $,11.33%,No,585580.00 $,12086.15 $
16049-16081 E Seven Mile,Detroit,50.94 $,9.76%,No,565434.00 $,19557.11 $
8106 Faith,Montgomery,48.02 $,7.22%,No,316932.00 $,4242.26 $
10764 Balfour,Detroit,52.41 $,9.25%,No,62892.00 $,1891.63 $
10756 Balfour,Detroit,51.97 $,9.23%,No,62364.00 $,1740.99 $
10924 Balfour,Detroit,50.56 $,9.26%,No,60672.00 $,1671.06 $
14481 Hazelridge,Detroit,50.76 $,9.30%,No,63450.00 $,1583.71 $
11420 Montrose,Detroit,50.67 $,9.27%,No,70938.00 $,596.88 $
16644 Rossini,Detroit,50.40 $,9.24%,No,63000.00 $,1068.77 $
9131 Quincy,Detroit,50.72 $,9.46%,No,116656.00 $,1630.85 $
3522-3526 Harding,Detroit,50.69 $,9.41%,No,106449.00 $,1603.53 $
12091 Montrose,Detroit,50.17 $,9.38%,No,65221.00 $,1246.26 $
10410 Cadieux,Detroit,50.91 $,9.80%,No,1654575.00 $,29121.50 $
10110 Cadieux,Detroit,51.64 $,9.33%,No,1187720.00 $,17685.40 $
14606 Kentucky,Detroit,49.74 $,9.86%,No,84558.00 $,4431.49 $
1 Holdings Kinafremoha,Detroit,50.88 $,9.79%,No,524064.00 $,14289.47 $
18613 Oakfield,Detroit,50.54 $,9.40%,No,60648.00 $,2584.04 $
2518 Glendale,Detroit,50.51 $,9.65%,Yes,111122.00 $,6640.77 $
19003-19005 Moross,Detroit,50.74 $,9.68%,No,96406.00 $,4466.69 $
15930 Monica,Detroit,50.73 $,9.45%,Yes,103996.50 $,6286.81 $
1 Holdings Navahoe,Detroit,50.66 $,9.31%,No,329290.00 $,23822.77 $
1 Holdings Tennessee,Detroit,50.43 $,9.82%,No,393354.00 $,55406.77 $
1 Holdings Kitchener,Detroit,50.93 $,9.69%,No,259743.00 $,23234.27 $
1 Holdings Harding,Detroit,50.53 $,9.61%,No,389081.00 $,25503.93 $
14102 Marlowe,Detroit,50.50 $,9.06%,No,70700.00 $,3947.33 $
1 Holdings Montclair,Detroit,50.91 $,9.59%,No,458190.00 $,40773.30 $
1 Holdings Conner,Detroit,50.45 $,9.54%,No,650805.00 $,42901.23 $
1 Holdings French,Detroit,50.30 $,9.48%,No,714260.00 $,77521.42 $
15040 Harper,Detroit,50.70 $,9.59%,No,365040.00 $,37777.60 $
18286 Oakfield,Detroit,49.97 $,9.24%,No,59964.00 $,4361.13 $
80 Colser,Covington,50.43 $,7.16%,No,242064.00 $,32824.15 $
12641 Elmdale,Detroit,51.37 $,9.05%,No,1309935.00 $,117240.02 $
4101 McClellan,Detroit,50.08 $,9.30%,No,62600.00 $,3454.62 $
3851 McClellan,Detroit,50.08 $,9.33%,No,62600.00 $,4076.51 $
4407 McClellan,Detroit,50.07 $,9.25%,No,62587.50 $,5187.25 $
3784 Seneca,Detroit,50.09 $,9.36%,No,62612.50 $,6507.69 $
1 Holdings Belvidere,Detroit,54.45 $,9.46%,Yes,631620.00 $,65843.93 $
1 Holdings Rohns,Detroit,50.45 $,9.89%,Yes,766840.00 $,99350.94 $
1890 Marloes,East Cleveland,51.96 $,0.00%,No,1169100.00 $,43361.65 $
6582 Bewick,Detroit,49.17 $,9.70%,No,368775.00 $,27784.81 $
1 Holdings Holcomb,Detroit,50.37 $,9.63%,Yes,1057770.00 $,125218.76 $
10511 Whittier,Detroit,49.90 $,9.81%,No,349300.00 $,53497.22 $
12050 Bryden,Detroit,50.36 $,9.76%,No,1007200.00 $,40731.06 $
10059 Britain,Detroit,49.69 $,10.21%,No,84473.00 $,6353.46 $
3280 W Boston,Detroit,50.62 $,9.74%,Yes,506200.00 $,27007.90 $
625 Virginia,Toledo,50.64 $,9.79%,No,308904.00 $,19960.79 $
4239 Alter,Detroit,50.56 $,9.87%,No,551104.00 $,44579.61 $
18438 Morang,Detroit,50.24 $,9.88%,No,205984.00 $,25229.71 $
7501 Stockton,Detroit,50.51 $,9.95%,No,247499.00 $,27487.95 $
12580 Maiden,Detroit,50.77 $,10.25%,No,88847.50 $,10624.65 $
305 Moss,Highland Park,55.56 $,10.80%,No,91674.00 $,7598.22 $
10717-10719 Bryant,Cleveland,50.23 $,10.04%,Yes,143155.50 $,21247.02 $
10862 Marne,Detroit,50.29 $,10.26%,No,70406.00 $,6702.19 $
3588 Oakman,Detroit,50.19 $,10.00%,Yes,727755.00 $,46611.72 $
11845 Camden,Detroit,48.32 $,10.45%,No,67648.00 $,7241.27 $
11701 Morang,Detroit,49.28 $,10.54%,No,1576960.00 $,106095.29 $
14745 Plymouth,Detroit,48.56 $,10.24%,No,655560.00 $,42525.43 $
11830 Camden,Detroit,47.43 $,10.03%,No,66402.00 $,3822.02 $
14881 Greenfield,Detroit,50.46 $,10.99%,No,590382.00 $,64713.53 $
13523 Glenside,Cleveland,50.54 $,10.00%,No,394212.00 $,20232.30 $
8744 Homer,Detroit,48.93 $,0.00%,No,63609.00 $,6075.86 $
22512 W McNichols,Detroit,50.44 $,10.06%,No,105924.00 $,6685.69 $
12318 Imperial,Cleveland,49.50 $,10.03%,No,113850.00 $,7337.92 $
8809 Beckman,Cleveland,51.74 $,10.04%,No,113828.00 $,7235.48 $
10610 Balfour,Detroit,49.81 $,10.04%,No,59772.00 $,3774.27 $
15611 E Seven Mile,Detroit,48.94 $,10.03%,No,63622.00 $,4108.33 $
18608-18612 Moross,Detroit,49.56 $,11.77%,No,99120.00 $,10066.94 $
18527-18529 Kelly,Detroit,48.48 $,10.03%,No,92112.00 $,8394.09 $
18515-18517 Kelly,Detroit,49.10 $,11.22%,No,93290.00 $,8347.00 $
19400 Hickory,Detroit,50.62 $,10.01%,No,60744.00 $,5693.23 $
13628 Tacoma,Detroit,50.61 $,11.26%,Yes,60732.00 $,7027.15 $
13445 Tacoma,Detroit,52.50 $,10.00%,Yes,68250.00 $,7159.58 $
13430 Tacoma,Detroit,50.64 $,10.12%,Yes,60768.00 $,5456.55 $
9201 Longacre,Detroit,52.02 $,0.00%,No,67626.00 $,8700.56 $
19539 Hickory,Detroit,50.64 $,10.08%,No,60768.00 $,4736.15 $
19530 Hickory,Detroit,50.62 $,10.04%,No,60744.00 $,6223.78 $
14511 Houston-Whittier,Detroit,50.30 $,8.00%,No,643840.00 $,108111.62 $
16810 Bringard,Detroit,50.19 $,0.00%,No,60228.00 $,8177.57 $
5760 Lakepointe,Detroit,50.11 $,0.00%,Yes,60132.00 $,7126.28 $
15894 Tacoma,Detroit,50.96 $,10.04%,No,66248.00 $,7702.55 $
10099 Greensboro,Detroit,50.10 $,10.02%,No,65130.00 $,9030.34 $
8003 S Ingleside,Chicago,50.64 $,8.41%,Yes,1012800.00 $,61131.54 $
14622 Hubbell,Detroit,49.26 $,11.18%,No,78816.00 $,6903.92 $
15240 Edmore,Detroit,49.98 $,10.23%,No,64974.00 $,7741.93 $
8056 E Hollywood,Detroit,50.85 $,10.14%,No,76275.00 $,7033.77 $
19535 Fairport,Detroit,55.05 $,9.75%,No,66060.00 $,6213.81 $
14329 Strathmoor,Detroit,49.44 $,11.91%,No,98880.00 $,7668.59 $
D 1418 W Marquette,Chicago,50.36 $,7.26%,No,0.00 $,0.00 $
S 1418 W Marquette,Chicago,50.36 $,7.96%,No,1264036.00 $,88026.38 $
S 14439 Longview,Detroit,53.15 $,10.59%,No,69095.00 $,12493.78 $
D 14439 Longview,Detroit,49.14 $,11.46%,No,0.00 $,0.00 $
S 9585 Abington,Detroit,49.74 $,11.36%,No,64662.00 $,10185.76 $
D 9585 Abington,Detroit,49.74 $,11.36%,No,0.00 $,0.00 $
S 14117 Manning,Detroit,50.26 $,10.47%,No,65338.00 $,6116.84 $
D 14117 Manning,Detroit,50.26 $,10.47%,No,0.00 $,0.00 $
D 11310 Abington,Detroit,47.17 $,10.38%,No,0.00 $,0.00 $
S 11310 Abington,Detroit,52.77 $,9.28%,No,68601.00 $,4338.27 $
D 9624 Abington,Detroit,49.78 $,10.38%,No,0.00 $,0.00 $
S 9624 Abington,Detroit,49.78 $,10.38%,No,64714.00 $,5649.75 $
S 11217 Beaconsfield,Detroit,48.01 $,10.03%,No,62413.00 $,4784.88 $
D 22233 Lyndon,Detroit,50.20 $,10.73%,No,0.00 $,0.00 $
S 22233 Lyndon,Detroit,50.20 $,10.73%,No,65260.00 $,11379.75 $
D 11117 Worden,Detroit,50.44 $,9.88%,No,0.00 $,0.00 $
D 11217 Beaconsfield,Detroit,48.01 $,10.03%,No,0.00 $,0.00 $
S 11117 Worden,Detroit,50.44 $,9.88%,No,65572.00 $,5493.27 $
D 10703 McKinney,Detroit,49.79 $,11.35%,No,0.00 $,0.00 $
S 10703 McKinney,Detroit,49.79 $,11.35%,No,64727.00 $,5933.70 $
D 17204 Bradford,Detroit,51.43 $,11.06%,No,0.00 $,0.00 $
S 17204 Bradford,Detroit,51.43 $,11.06%,No,66859.00 $,8549.44 $
S 19391 Grandview,Detroit,52.96 $,9.76%,No,68848.00 $,8152.11 $
D 9200 Harvard,Detroit,49.74 $,10.08%,No,0.00 $,0.00 $
S 9200 Harvard,Detroit,53.41 $,9.38%,No,69433.00 $,7336.19 $
618 E 79th,Chicago,50.83 $,8.50%,Yes,1143675.00 $,41418.09 $
D 10645 Stratman,Detroit,55.48 $,10.56%,No,0.00 $,0.00 $
S 10645 Stratman,Detroit,55.48 $,10.56%,No,66576.00 $,5634.00 $
D 11965 Lakepointe,Detroit,54.25 $,9.60%,No,0.00 $,0.00 $
S 11965 Lakepointe,Detroit,54.25 $,9.60%,No,70525.00 $,4910.89 $
D 3510 Ewald,Detroit,50.09 $,10.51%,No,0.00 $,0.00 $
S 3510 Ewald,Detroit,50.09 $,10.51%,Yes,936683.00 $,48310.99 $
D 10163 Duprey,Detroit,53.63 $,9.81%,No,0.00 $,0.00 $
S 10163 Duprey,Detroit,53.63 $,9.81%,No,64356.00 $,5888.20 $
D 616 E 131st,Cleveland,50.37 $,11.81%,No,0.00 $,0.00 $
S 616 E 131st,Cleveland,50.37 $,11.81%,No,113332.50 $,17166.94 $
11898 Laing,Detroit,51.82 $,9.30%,No,69957.00 $,6433.11 $
20257 Monica,Detroit,49.84 $,9.18%,No,67284.00 $,4231.72 $
16520 Ilene,Detroit,53.13 $,10.57%,No,70397.25 $,4744.66 $
D 10147 Somerset,Detroit,52.58 $,10.06%,No,0.00 $,0.00 $
S 10147 Somerset,Detroit,52.58 $,10.06%,No,70983.00 $,7593.01 $
14409 Linnhurst,Detroit,50.16 $,8.04%,No,1153680.00 $,80114.84 $
16085 E Seven Mile,Detroit,50.23 $,10.48%,No,547507.00 $,54656.00 $
2911 Sturtevant,Detroit,50.62 $,10.78%,No,1341430.00 $,207456.38 $
324 Piper,Detroit,52.04 $,9.66%,No,130100.00 $,7914.17 $
D 9795-9797 Chenlot,Detroit,53.21 $,10.53%,No,0.00 $,0.00 $
S 9795-9797 Chenlot,Detroit,53.21 $,10.53%,No,111741.00 $,10869.38 $
10040 Cadieux,Detroit,50.45 $,10.83%,Yes,408645.00 $,18078.63 $
3310-3312 Sturtevant,Detroit,51.63 $,10.49%,No,108423.00 $,5933.97 $
19041 Lenore,Detroit,50.26 $,4.74%,Yes,954940.00 $,74088.18 $
19000 Fenton,Detroit,50.06 $,11.00%,Yes,1201440.00 $,99763.83 $
18980 Fenton,Detroit,50.25 $,9.39%,Yes,1281375.00 $,94017.42 $
7519-7521 Wykes,Detroit,52.38 $,11.39%,Yes,96903.00 $,5730.64 $
9415-9417 Ravenswood,Detroit,50.59 $,12.95%,Yes,93591.50 $,6777.97 $
2703-2705 W Grand,Detroit,52.16 $,11.52%,Yes,99104.00 $,6358.68 $
1630 E State Fair,Detroit,50.06 $,14.33%,Yes,590708.00 $,45945.26 $
1610 E State Fair,Detroit,50.31 $,13.42%,Yes,608751.00 $,58192.59 $
19751 Marx,Highland Park,50.71 $,10.89%,Yes,720082.00 $,58890.04 $
13835 La Salle,Detroit,50.14 $,8.06%,Yes,752100.00 $,27309.20 $
19750 Marx,Highland Park,50.31 $,10.41%,Yes,714402.00 $,30594.84 $
4342-4344 Cortland,Detroit,53.68 $,10.34%,No,150304.00 $,11014.38 $
16007 Nelacrest,East Cleveland,50.12 $,6.09%,No,360864.00 $,25629.36 $
10411-10421 Cadieux,Detroit,50.26 $,6.76%,Yes,1055460.00 $,43461.55 $
1354 W 64th,Chicago,51.03 $,4.73%,No,944055.00 $,22172.09 $
16851-16881 Greenfield,Detroit,50.85 $,10.30%,Yes,1881450.00 $,77693.59 $
3344 E 140th,Cleveland,51.94 $,9.80%,No,197372.00 $,8056.01 $
10030 Cadieux,Detroit,51.61 $,6.04%,No,412880.00 $,19531.52 $
212 N Park,Jackson,50.72 $,5.67%,No,228240.00 $,14866.54 $
10435-10445 Cadieux,Detroit,50.54 $,9.65%,No,833910.00 $,23991.41 $
9151 Whittier,Detroit,50.02 $,9.66%,No,1050420.00 $,27520.16 $
16767 Greenfield,Detroit,50.60 $,7.22%,No,597080.00 $,12606.45 $
3747 Scovel,Detroit,50.19 $,12.79%,Yes,692622.00 $,44136.09 $
1389 Bird,Birmingham,52.74 $,7.46%,Yes,922950.00 $,47328.62 $
19268 Eureka,Detroit,52.76 $,10.39%,No,110796.00 $,5529.71 $
8065 Lost Shaker,Kissimmee,50.55 $,7.80%,Yes,682425.00 $,60020.40 $
3323 Waverly,Detroit,52.65 $,10.72%,No,57915.00 $,2881.29 $
10518 Woodland,Cleveland,50.06 $,11.14%,No,360432.00 $,24306.86 $
425 Steward,Jackson,50.73 $,11.37%,No,182628.00 $,4605.43 $
1907 Ottawa,Toledo,51.87 $,11.03%,Yes,363090.00 $,12084.79 $
13245 Monica,Detroit,51.34 $,11.84%,Yes,872780.00 $,31518.72 $
15440-15444 St Clair,Cleveland,49.59 $,11.65%,No,223155.00 $,9713.51 $
11750 Morang,Detroit,51.64 $,11.58%,No,619680.00 $,25055.01 $
7337 S Yale,Chicago,51.62 $,9.58%,No,645250.00 $,16905.84 $
9135 Yorkshire,Detroit,50.86 $,10.88%,No,111892.00 $,5999.63 $
4000 Taylor,Detroit,54.34 $,10.50%,No,59774.00 $,2381.60 $
2626-2638 Wreford,Detroit,51.79 $,11.31%,No,362530.00 $,30629.37 $
8017-8019 S Paulina,Chicago,51.25 $,8.89%,No,486875.00 $,15278.56 $
5517-5519 Elmhurst,Detroit,54.37 $,10.92%,No,103303.00 $,10322.07 $
12730 Wade,Detroit,50.65 $,10.66%,No,65845.00 $,2869.03 $
20160 Conant,Detroit,51.89 $,12.42%,Yes,985910.00 $,66373.86 $
2661-2663 Cortland,Detroit,52.85 $,16.48%,No,89845.00 $,19159.45 $
5846 Crane,Detroit,52.90 $,11.00%,No,158700.00 $,7325.87 $
12779 Strathmoor,Detroit,55.23 $,13.54%,No,71799.00 $,8713.17 $
18668 St Louis,Detroit,53.65 $,11.18%,No,53650.00 $,3375.15 $
19144 Riopelle,Highland Park,53.87 $,12.40%,No,80805.00 $,10731.65 $
8060 Dreamsicle,Kissimmee,50.79 $,8.37%,Yes,685665.00 $,19308.58 $
9171 Whittier,Detroit,49.50 $,12.64%,No,297000.00 $,14614.36 $
20039 Bloom,Detroit,50.25 $,0.00%,No,50250.00 $,3391.62 $
338 Willard,Toledo,48.15 $,14.67%,No,144450.00 $,7225.26 $
19962 Waltham,Detroit,53.62 $,12.19%,No,58982.00 $,2866.50 $
1612 Denver,Toledo,48.72 $,14.33%,No,121800.00 $,2930.48 $
1204 E Manhattan,Toledo,51.20 $,13.64%,No,435200.00 $,38729.77 $
601 Milton,Toledo,48.71 $,15.22%,No,121775.00 $,6184.10 $
128 E Weber,Toledo,48.15 $,16.01%,No,144450.00 $,12516.85 $
13041 Hayes,Detroit,51.97 $,12.92%,No,337805.00 $,55285.71 $
8366 Schaefer,Detroit,51.44 $,12.67%,No,308640.00 $,68278.44 $
2950-2952 Monterey,Detroit,58.03 $,11.11%,No,203105.00 $,28533.78 $
17616 Beland,Detroit,56.68 $,12.49%,No,56680.00 $,10219.88 $
20552 Waltham,Detroit,53.45 $,12.26%,No,53450.00 $,10105.62 $
8531 Intervale,Detroit,53.92 $,11.35%,No,53920.00 $,7357.64 $
2550 Greenway,Toledo,51.39 $,12.93%,No,513900.00 $,15248.51 $
12747-12749 Nashville,Detroit,51.15 $,11.85%,Yes,434775.00 $,12691.57 $
14263 Ohio,Detroit,51.80 $,11.58%,No,51800.00 $,2669.27 $
18949 Fenmore,Detroit,55.59 $,11.18%,No,77826.00 $,2024.42 $
20418 Andover,Detroit,50.40 $,10.83%,No,50400.00 $,3791.30 $
14432 Wilshire,Detroit,57.17 $,10.98%,No,74321.00 $,7341.68 $
19154 Sherwood,Detroit,51.70 $,10.56%,No,51700.00 $,2397.19 $
882-884 Pingree,Detroit,53.76 $,11.88%,No,91392.00 $,4381.98 $
15208 Bringard,Detroit,55.67 $,11.57%,No,66804.00 $,3167.12 $
11758 Christy,Detroit,58.65 $,11.15%,No,58650.00 $,3946.57 $
15841 Coram,Detroit,62.50 $,10.38%,No,62500.00 $,15228.45 $
14215 Hampshire,Detroit,50.75 $,10.73%,No,50750.00 $,2230.81 $
14839 Wisconsin,Detroit,56.95 $,12.24%,No,56950.00 $,3011.11 $
116 Monterey,Highland Park,56.90 $,10.19%,No,68280.00 $,15112.42 $
14884 Ward,Detroit,58.80 $,11.12%,No,58800.00 $,3410.78 $
15379 Patton,Detroit,51.80 $,12.83%,No,51800.00 $,14682.16 $
12410 Hamburg,Detroit,53.55 $,11.20%,No,53550.00 $,3061.50 $
15864 Eastburn,Detroit,51.15 $,10.67%,No,51150.00 $,1554.99 $
7109-7111 Pilgrim,Detroit,54.03 $,11.14%,No,86448.00 $,1686.33 $
7430 Nett,Detroit,52.75 $,11.55%,No,84400.00 $,19080.58 $
5772-5774 Chalmers,Detroit,53.35 $,0.00%,No,90695.00 $,9233.53 $
5278-5280 Drexel,Detroit,54.78 $,17.58%,No,98604.00 $,5018.64 $
1521-1523 S Drake,Chicago,49.95 $,7.70%,Yes,799200.00 $,22822.00 $
19191 Bradford,Detroit,56.64 $,14.48%,No,62304.00 $,4725.49 $
10003 Pinehurst,Detroit,57.00 $,10.53%,No,62700.00 $,5497.08 $
11217 Greenwich,Cleveland,51.21 $,11.22%,No,117783.00 $,5838.67 $
2318-2324 W Marquette,Chicago,51.67 $,11.41%,No,516700.00 $,19157.60 $
893-895 W Philadelphia,Detroit,54.95 $,10.81%,No,98910.00 $,4569.69 $
10021 Grayton,Detroit,56.73 $,10.89%,No,62403.00 $,7321.63 $
15203 Park Grove,Detroit,53.00 $,11.84%,No,63600.00 $,3274.04 $
738-742 E 87th,Chicago,49.05 $,11.40%,No,402210.00 $,9524.28 $
13370 Wilshire,Detroit,58.38 $,10.54%,No,58380.00 $,3473.95 $
14066 Santa Rosa,Detroit,52.22 $,12.34%,No,313320.00 $,9325.54 $
1617 S Avers,Chicago,50.85 $,0.50%,No,396630.00 $,8263.95 $
1815 S Avers,Chicago,54.95 $,5.07%,No,329700.00 $,4277.39 $
11957 Olga,Detroit,53.45 $,10.33%,No,69485.00 $,6506.05 $
12405 Santa Rosa,Detroit,50.51 $,11.10%,Yes,131326.00 $,4422.20 $
4852-4854 W Cortez,Chicago,50.90 $,11.04%,No,916200.00 $,89500.08 $
12409 Whitehill,Detroit,54.24 $,11.69%,No,59664.00 $,11675.97 $
13606 Winthrop,Detroit,50.86 $,12.29%,No,55946.00 $,4522.91 $
19996 Joann,Detroit,51.75 $,10.27%,No,56925.00 $,3434.02 $
11078 Longview,Detroit,50.59 $,13.09%,No,758850.00 $,11592.29 $
1542 S Ridgeway,Chicago,52.23 $,10.59%,No,417840.00 $,32464.04 $
402 S Kostner,Chicago,51.93 $,8.24%,No,571230.00 $,53352.45 $
14918 Joy,Detroit,49.44 $,12.01%,Yes,692160.00 $,50205.46 $
10700 Whittier,Detroit,51.29 $,12.33%,No,718060.00 $,54435.88 $
17500 Evergreen,Detroit,57.08 $,10.60%,Yes,68496.00 $,10071.78 $
15753 Hartwell,Detroit,55.76 $,13.35%,No,94792.00 $,20699.66 $
11653 Nottingham,Detroit,58.02 $,10.50%,No,69624.00 $,9704.13 $
19200 Strasburg,Detroit,56.13 $,10.14%,No,67356.00 $,5383.94 $
18983 Alcoy,Detroit,54.82 $,0.00%,No,65784.00 $,0.00 $
14494 Chelsea,Detroit,53.16 $,10.33%,No,63792.00 $,11875.32 $
13045 Wade,Detroit,56.00 $,11.54%,No,67200.00 $,13875.90 $
10639 Stratman,Detroit,58.00 $,10.15%,No,69600.00 $,3729.00 $
9920 Bishop,Detroit,57.17 $,11.83%,No,68604.00 $,5682.13 $
10629 McKinney,Detroit,54.10 $,10.90%,No,64920.00 $,5223.14 $
11300 Roxbury,Detroit,59.07 $,11.89%,No,76791.00 $,11397.91 $
9481 Wayburn,Detroit,57.53 $,11.04%,No,69036.00 $,10002.76 $
5601 S Wood,Chicago,54.08 $,10.63%,No,297440.00 $,30604.06 $
14229 Wilshire,Detroit,54.68 $,10.88%,No,65616.00 $,9542.28 $
18776 Sunderland,Detroit,52.88 $,10.65%,No,63456.00 $,11621.23 $
17809 Charest,Detroit,56.00 $,11.34%,Yes,67200.00 $,5533.22 $
14882 Troester,Detroit,54.21 $,0.00%,Yes,65052.00 $,18315.03 $
14825 Wilfred,Detroit,52.75 $,10.67%,Yes,63300.00 $,10203.92 $
11078 Wayburn,Detroit,51.83 $,11.88%,Yes,62196.00 $,10464.51 $
15860 Hartwell,Detroit,54.04 $,10.70%,Yes,64848.00 $,541.44 $
11201 College,Detroit,55.71 $,12.04%,Yes,66852.00 $,2777.02 $
19333 Moenart,Detroit,55.25 $,11.33%,Yes,66300.00 $,4894.45 $
8181 Bliss,Detroit,53.96 $,12.50%,Yes,64752.00 $,5759.73 $
12866 Lauder,Detroit,54.25 $,11.43%,Yes,65100.00 $,2859.61 $
15350 Greydale,Detroit,54.42 $,11.58%,Yes,65304.00 $,2485.42 $
14231 Strathmoor,Detroit,52.46 $,15.42%,No,68198.00 $,8721.01 $
15373 Parkside,Detroit,58.82 $,10.75%,No,64702.00 $,3077.96 $
10617 Hathaway,Cleveland,54.02 $,14.82%,Yes,97236.00 $,1889.62 $
19218 Houghton,Detroit,55.91 $,11.87%,No,61501.00 $,5148.99 $
1115 S. Troy,Chicago,53.38 $,10.90%,No,587180.00 $,58452.90 $
9465 Beaconsfield,Detroit,55.92 $,11.86%,No,67104.00 $,1590.51 $
19136 Tracey,Detroit,56.67 $,11.28%,No,68004.00 $,2056.87 $
19020 Rosemont,Detroit,56.50 $,12.22%,No,67800.00 $,1801.79 $
16200 Fullerton,Detroit,185.80 $,12.41%,No,706040.00 $,136827.96 $
15634 Liberal,Detroit,51.58 $,14.04%,No,61896.00 $,8944.43 $
20200 Lesure,Detroit,71.50 $,13.14%,No,71500.00 $,4087.45 $
9336 Patton,Detroit,65.50 $,12.54%,No,65500.00 $,3498.42 $
8342 Schaefer,Detroit,52.00 $,12.94%,No,208000.00 $,21024.84 $
5942 Audubon,Detroit,82.00 $,14.25%,No,61500.00 $,4131.11 $
25097 Andover,Dearborn Heights,60.68 $,10.46%,No,84952.00 $,5698.50 $
18900 Mansfield,Detroit,53.45 $,15.45%,No,58795.00 $,4353.57 $
18276 Appoline,Detroit,54.23 $,12.56%,No,75922.00 $,4812.08 $
9943 Marlowe,Detroit,68.50 $,13.20%,No,68500.00 $,7591.17 $
3432 Harding,Detroit,51.23 $,11.38%,No,66599.00 $,18758.65 $
10084 Grayton,Detroit,52.94 $,11.09%,No,68822.00 $,12657.42 $
12334 Lansdowne,Detroit,55.15 $,11.46%,No,71695.00 $,12055.42 $
9169 Boleyn,Detroit,59.05 $,10.98%,No,76765.00 $,5446.57 $
9166 Devonshire,Detroit,57.89 $,12.83%,No,81046.00 $,5087.26 $
15778 Manor,Detroit,62.35 $,12.64%,No,81055.00 $,12032.16 $
10974 Worden,Detroit,55.15 $,11.21%,No,71695.00 $,7189.51 $
9165 Kensington,Detroit,56.85 $,12.30%,No,73905.00 $,28522.94 $
9309 Courville,Detroit,53.53 $,12.83%,No,74942.00 $,14738.99 $
10616 McKinney,Detroit,52.81 $,10.88%,No,68653.00 $,12509.08 $
18433 Faust,Detroit,59.00 $,9.17%,No,76700.00 $,10481.83 $
9133 Devonshire,Detroit,58.27 $,12.28%,No,75751.00 $,4305.28 $
10604 Somerset,Detroit,54.38 $,11.41%,No,70694.00 $,2079.28 $
4340 East 71,Cleveland,54.37 $,13.08%,No,434960.00 $,23482.00 $
10612 Somerset,Detroit,51.15 $,10.68%,No,66495.00 $,7201.45 $
13116 Kilbourne,Detroit,53.62 $,10.32%,Yes,69706.00 $,4706.76 $
13114 Glenfield,Detroit,59.94 $,10.48%,No,107892.00 $,8886.80 $
6923 Greenview,Detroit,53.62 $,10.68%,No,69706.00 $,3963.73 $
15784 Monte Vista,Detroit,55.50 $,11.73%,No,66600.00 $,9897.27 $
15048 Freeland,Detroit,50.65 $,11.29%,No,65845.00 $,2509.44 $
18273 Monte Vista,Detroit,55.23 $,10.39%,No,71799.00 $,386.65 $
15095 Hartwell,Detroit,52.08 $,12.16%,No,67704.00 $,1477.51 $
18466 Fielding,Detroit,54.38 $,11.39%,No,70694.00 $,516.07 $
13991 Warwick,Detroit,46.65 $,10.73%,No,60645.00 $,5339.28 $
1000 Florida,Akron,58.99 $,12.44%,No,235960.00 $,24323.80 $
10024-10028 Appoline,Detroit,173.74 $,10.24%,No,694960.00 $,33863.08 $
19317 Gable,Detroit,46.69 $,10.51%,No,60697.00 $,1534.78 $
581-587 Jefferson,Rochester,58.48 $,0.00%,No,584800.00 $,24800.39 $
272 N.E. 42nd Court,Deerfield Beach,108.83 $,4.41%,No,326490.00 $,27488.57 $
15770 Prest,Detroit,56.04 $,11.50%,No,72852.00 $,1108.16 $
1244 S. Avers,Chicago,50.00 $,10.40%,No,400000.00 $,3940.44 $
19596 Goulburn,Detroit,50.46 $,11.22%,No,65598.00 $,8061.15 $
18481 Westphalia,Detroit,53.83 $,10.35%,No,64596.00 $,218.36 $
15039 Ward,Detroit,52.13 $,12.36%,No,62556.00 $,2431.03 $
19311 Keystone,Detroit,52.13 $,10.63%,No,62556.00 $,582.82 $
4680 Buckingham,Detroit,50.54 $,11.00%,No,60648.00 $,758.35 $
4061 Grand,Detroit,71.11 $,11.23%,No,127998.00 $,1873.09 $
19163 Mitchell,Detroit,56.33 $,11.57%,No,67596.00 $,678.53 $
19201 Westphalia,Detroit,52.17 $,11.87%,No,62604.00 $,1204.28 $
9717 Everts,Detroit,50.50 $,11.81%,No,60600.00 $,1960.41 $
15796 Hartwell,Detroit,53.04 $,11.84%,No,63648.00 $,1834.55 $
17813 Bradford,Detroit,51.33 $,12.08%,No,61596.00 $,1353.46 $
4380 Beaconsfield,Detroit,53.88 $,11.54%,No,64656.00 $,1425.46 $
13895 Saratoga,Detroit,58.50 $,10.86%,No,70200.00 $,2365.52 $
14078 Carlisle,Detroit,54.25 $,11.53%,No,65100.00 $,1268.53 $
14319 Rosemary,Detroit,49.69 $,11.81%,No,64597.00 $,972.58 $
15777 Ardmore,Detroit,48.37 $,10.12%,No,62881.00 $,1202.57 $
1-449 of 449,,,,,,
