name,city,realt_price,realt_apr,rmm,supply,volume_month,volume_total,name_new
295 E 238th,Euclid,50.37 $,9.68%,No,120888.00 $,0.00 $,0.00 $,295-e-238th
857 E 222nd,Euclid,50.30 $,9.65%,No,110660.00 $,0.00 $,0.00 $,857-e-222nd
16704 Talford,Cleveland,50.44 $,9.70%,No,104915.20 $,0.00 $,0.00 $,16704-talford
10807 Wadsworth,Garfield Heights,50.01 $,9.62%,No,107521.50 $,0.00 $,0.00 $,10807-wadsworth
5250 Philip,Maple Heights,50.11 $,9.61%,No,102725.50 $,0.00 $,0.00 $,5250-philip
18014 North,Maple Heights,50.51 $,9.70%,No,121224.00 $,0.00 $,0.00 $,18014-north
1 Holdings McCracken,Garfield Heights,50.29 $,9.63%,No,316827.00 $,0.00 $,0.00 $,1-holdings-mccracken
Lucero Club 1R4,Detroit,50.73 $,8.03%,No,649344.00 $,0.00 $,0.00 $,lucero-club-1r4
22 Lamar,Jennings,50.31 $,9.85%,No,72949.50 $,101.12 $,101.12 $,22-lamar
1760 Elkins,St. Louis,50.40 $,9.76%,No,90720.00 $,5.04 $,5.04 $,1760-elkins
9164 Longridge,St. Louis,50.56 $,9.72%,No,70784.00 $,0.51 $,0.51 $,9164-longridge
11441-11443 Flanders,Detroit,50.35 $,10.18%,No,110770.00 $,0.00 $,0.00 $,11441-11443-flanders
15720 Snowden,Detroit,50.32 $,9.16%,No,70448.00 $,0.00 $,0.00 $,15720-snowden
15011 Monte Vista,Detroit,50.33 $,9.20%,No,71971.90 $,10.57 $,10.57 $,15011-monte-vista
18703 Gilchrist,Detroit,50.48 $,9.16%,No,74710.40 $,10.60 $,10.60 $,18703-gilchrist
20013 Revere,Detroit,50.48 $,10.03%,No,69662.40 $,1690.58 $,1690.58 $,20013-revere
12789 Birwood,Detroit,50.07 $,9.57%,No,79110.60 $,141.00 $,141.00 $,12789-birwood
13885 Bringard,Detroit,50.28 $,9.40%,No,80448.00 $,10.56 $,10.56 $,13885-bringard
19555 Barlow,Detroit,50.11 $,9.65%,No,72659.50 $,14.53 $,14.53 $,19555-barlow
18605 Orleans,Detroit,50.42 $,10.06%,No,73109.00 $,0.50 $,0.50 $,18605-orleans
19335 Rutherford,Detroit,51.41 $,9.49%,No,71974.00 $,977.82 $,977.82 $,19335-rutherford
20521 Hull,Detroit,50.19 $,9.39%,No,77292.60 $,10.04 $,10.04 $,20521-hull
10048 Grayton,Detroit,51.76 $,9.02%,No,81780.80 $,2060.35 $,2060.35 $,10048-grayton
3742-3746 Whitney,Detroit,50.14 $,10.62%,No,155434.00 $,2685.26 $,4024.16 $,3742-3746-whitney
6515-6517 Boxwood,Detroit,50.44 $,10.03%,No,133666.00 $,106.93 $,207.81 $,6515-6517-boxwood
12047 Nashville,Detroit,50.21 $,9.66%,No,75315.00 $,383.83 $,685.09 $,12047-nashville
18429 Fielding,Detroit,50.46 $,9.07%,No,79726.80 $,201.84 $,201.84 $,18429-fielding
15285 Fordham,Detroit,50.44 $,9.18%,No,79695.20 $,504.40 $,510.45 $,15285-fordham
8644 Greenview,Detroit,50.20 $,9.70%,No,75300.00 $,341.36 $,341.36 $,8644-greenview
14872 Ilene,Detroit,50.91 $,9.80%,No,76365.00 $,141.76 $,560.01 $,14872-ilene
16728-16730 Woodingham,Detroit,50.49 $,10.05%,No,143896.50 $,1716.23 $,3527.53 $,16728-16730-woodingham
15003 Appoline,Detroit,50.73 $,9.12%,No,78631.50 $,3005.75 $,3353.25 $,15003-appoline
15019 Steel,Detroit,50.31 $,10.07%,No,137346.30 $,855.27 $,860.80 $,15019-steel
15860 Steel,Detroit,50.38 $,10.39%,No,138545.00 $,1303.93 $,2173.55 $,15860-steel
1 Holdings Monterey,Detroit,50.92 $,10.25%,No,381900.00 $,1425.59 $,1781.13 $,1-holdings-monterey
1 Holdings W Arizona,Highland Park,50.11 $,10.21%,No,192923.50 $,1269.32 $,2441.99 $,1-holdings-w-arizona
12130 Manor,Detroit,51.79 $,10.11%,No,72506.00 $,783.10 $,3904.34 $,12130-manor
18662 Blackmoor,Detroit,50.94 $,9.51%,No,76410.00 $,50.94 $,662.22 $,18662-blackmoor
3015 Northwestern,Detroit,50.56 $,9.47%,No,75840.00 $,151.68 $,187.07 $,3015-northwestern
18415 Fielding,Detroit,50.34 $,9.40%,No,72993.00 $,139.44 $,144.48 $,18415-fielding
9576 Grandmont,Detroit,50.23 $,10.09%,No,74340.40 $,5353.62 $,6271.39 $,9576-grandmont
11125 Craft,Detroit,50.21 $,9.21%,No,70796.10 $,4221.15 $,5699.84 $,11125-craft
20240 Rogge,Detroit,50.60 $,9.29%,No,71852.00 $,622.38 $,723.58 $,20240-rogge
17157 Rowe,Detroit,50.23 $,9.17%,No,71326.60 $,210.97 $,683.13 $,17157-rowe
11401 Winthrop,Detroit,50.66 $,9.19%,No,71937.20 $,303.96 $,521.80 $,11401-winthrop
7913 Faith,Montgomery,52.10 $,7.35%,No,323020.00 $,1073.26 $,1177.46 $,7913-faith
17335 Bradford,Detroit,50.69 $,9.15%,No,73500.50 $,258.52 $,773.87 $,17335-bradford
15800 Tacoma,Detroit,50.86 $,9.15%,No,71204.00 $,863.09 $,2846.63 $,15800-tacoma
1 Holdings Strasburg,Detroit,50.38 $,9.22%,No,136026.00 $,831.56 $,2764.15 $,1-holdings-strasburg
9950 Beaconsfield,Detroit,50.48 $,9.15%,No,70672.00 $,201.92 $,706.72 $,9950-beaconsfield
1 Holdings Helen,Detroit,50.06 $,9.12%,No,140168.00 $,490.10 $,1258.52 $,1-holdings-helen
19731 Shields,Detroit,50.89 $,9.85%,No,66157.00 $,318.06 $,1539.42 $,19731-shields
15015 Ward,Detroit,50.63 $,9.62%,No,67337.90 $,50.63 $,215.18 $,15015-ward
13510 Dale,Detroit,50.63 $,9.23%,No,67337.90 $,0.00 $,810.59 $,13510-dale
2476 Clements,Detroit,50.45 $,9.76%,No,69621.00 $,1497.89 $,5221.53 $,2476-clements
12236 Sorrento,Detroit,50.70 $,9.71%,No,68445.00 $,507.00 $,608.40 $,12236-sorrento
5344-5346 Belvidere,Detroit,50.91 $,10.42%,No,84510.60 $,564.38 $,4216.13 $,5344-5346-belvidere
15225 Bringard,Detroit,50.72 $,9.17%,No,68472.00 $,178.03 $,380.91 $,15225-bringard
13595 Griggs,Detroit,50.97 $,9.03%,No,66261.00 $,28.54 $,232.42 $,13595-griggs
16051 E State Fair,Detroit,49.65 $,9.86%,No,68517.00 $,977.18 $,6902.21 $,16051-e-state-fair
14903 Promenade,Detroit,50.40 $,9.87%,No,69552.00 $,151.20 $,680.40 $,14903-promenade
10822 Whitehill,Detroit,50.04 $,9.03%,No,65052.00 $,27.52 $,227.68 $,10822-whitehill
13700 Dexter,Detroit,50.37 $,10.14%,No,629625.00 $,3529.19 $,23646.03 $,13700-dexter
1991 Ewald,Detroit,50.47 $,10.11%,No,353290.00 $,883.23 $,19265.73 $,1991-ewald
5733 Neely,Montgomery,48.96 $,7.28%,No,210528.00 $,1224.00 $,9229.84 $,5733-neely
2 Holdings Arcola,Detroit,50.78 $,10.07%,No,203120.00 $,2253.69 $,9820.31 $,2-holdings-arcola
2 Holdings Tappan,Detroit,50.63 $,10.23%,No,346815.50 $,835.40 $,4718.72 $,2-holdings-tappan
2 Holdings Milton,Detroit,50.47 $,10.38%,No,282632.00 $,4275.31 $,14786.71 $,2-holdings-milton
1 Holdings N Arcola,Detroit,50.29 $,10.39%,No,668857.00 $,1928.68 $,18534.73 $,1-holdings-n-arcola
1 Holdings Milton,Detroit,50.79 $,10.17%,No,406320.00 $,1445.55 $,26024.63 $,1-holdings-milton
1 Holdings Tappan,Detroit,50.26 $,10.18%,No,402080.00 $,2515.51 $,14112.05 $,1-holdings-tappan
19643 Rogge,Detroit,50.55 $,9.13%,No,74814.00 $,149.29 $,1583.81 $,19643-rogge
1 Holdings Palmetto,Detroit,50.60 $,10.11%,No,278300.00 $,2093.91 $,9891.77 $,1-holdings-palmetto
1 Holdings S Arcola,Detroit,50.53 $,10.23%,No,469929.00 $,2071.99 $,28143.67 $,1-holdings-s-arcola
1769 Cheryl,Griffin,49.56 $,7.18%,No,307272.00 $,577.56 $,10722.15 $,1769-cheryl
15084 Lesure,Detroit,51.05 $,9.15%,No,70449.00 $,255.25 $,714.70 $,15084-lesure
4021 E Outer,Detroit,53.43 $,9.19%,No,74802.00 $,213.72 $,1175.46 $,4021-e-outer
17326 Albion,Detroit,50.84 $,9.10%,No,73718.00 $,203.36 $,869.36 $,17326-albion
9117 Manor,Detroit,50.00 $,9.43%,No,125000.00 $,35.01 $,1685.01 $,9117-manor
15824 Cheyenne,Detroit,50.32 $,9.13%,No,70448.00 $,100.64 $,725.11 $,15824-cheyenne
18933 Fairport,Detroit,50.39 $,9.07%,No,68026.50 $,352.73 $,1360.58 $,18933-fairport
14260 Roselawn,Detroit,50.85 $,10.03%,No,73732.50 $,472.14 $,2603.52 $,14260-roselawn
14916 Hubbell,Detroit,50.32 $,9.44%,No,70448.00 $,397.53 $,920.86 $,14916-hubbell
15110 Freeland,Detroit,50.16 $,9.10%,No,69220.80 $,199.78 $,2954.06 $,15110-freeland
17310 Bentler,Detroit,50.84 $,5.43%,No,732096.00 $,474.88 $,6592.88 $,17310-bentler
13000 Promenade,Detroit,50.51 $,9.15%,No,78290.50 $,172.24 $,1599.15 $,13000-promenade
450 Kitchener,Detroit,51.22 $,9.36%,No,68122.60 $,210.00 $,1247.21 $,450-kitchener
433 Kitchener,Detroit,51.97 $,9.32%,No,67561.00 $,207.88 $,1822.07 $,433-kitchener
8034 Faith,Montgomery,51.14 $,7.29%,No,327296.00 $,2076.28 $,6326.02 $,8034-faith
11380 Pinehurst,Detroit,50.85 $,9.37%,No,69156.00 $,203.40 $,894.96 $,11380-pinehurst
9244 Mendota,Detroit,50.36 $,9.44%,No,62446.40 $,302.16 $,1797.97 $,9244-mendota
12145 Kentucky,Detroit,50.98 $,9.37%,No,71372.00 $,158.04 $,1131.25 $,12145-kentucky
18613 Anglin,Detroit,50.82 $,9.51%,No,69115.20 $,80.80 $,2601.48 $,18613-anglin
16012 Maddelein,Detroit,50.16 $,9.45%,No,70224.00 $,300.96 $,2625.47 $,16012-maddelein
8821 Prairie,Detroit,50.82 $,9.31%,No,69115.20 $,254.10 $,1758.37 $,8821-prairie
18524 Patton,Detroit,49.73 $,10.50%,No,92000.50 $,458.70 $,5065.08 $,18524-patton
11924 Wayburn,Detroit,50.10 $,9.52%,No,72645.00 $,300.60 $,2498.81 $,11924-wayburn
10993 Worden,Detroit,50.90 $,9.54%,No,73805.00 $,608.25 $,1885.26 $,10993-worden
5837 Moran,Detroit,51.53 $,10.04%,No,123672.00 $,5.15 $,3708.59 $,5837-moran
3406 Medbury,Detroit,50.83 $,10.07%,No,127075.00 $,127.07 $,5309.23 $,3406-medbury
3728 Atkinson,Detroit,50.28 $,10.06%,No,241344.00 $,4323.71 $,15973.25 $,3728-atkinson
4437 Lillibridge,Detroit,50.71 $,9.42%,No,65923.00 $,507.10 $,2767.50 $,4437-lillibridge
4628 Lillibridge,Detroit,50.29 $,9.11%,No,65377.00 $,367.62 $,2122.24 $,4628-lillibridge
3946 Fairview,Detroit,50.28 $,9.21%,No,65364.00 $,301.68 $,1709.52 $,3946-fairview
3888 Fairview,Detroit,51.13 $,9.55%,No,66469.00 $,150.75 $,2579.60 $,3888-fairview
3880 Fairview,Detroit,50.70 $,9.36%,No,65910.00 $,162.24 $,1879.02 $,3880-fairview
4526 Lillibridge,Detroit,50.71 $,9.24%,No,65923.00 $,112.58 $,620.18 $,4526-lillibridge
4421 Lillibridge,Detroit,51.14 $,9.27%,No,66482.00 $,76.71 $,3375.24 $,4421-lillibridge
3947 Fairview,Detroit,51.13 $,9.15%,No,66469.00 $,255.14 $,2262.50 $,3947-fairview
4025 Fairview,Detroit,50.27 $,9.53%,No,65351.00 $,70.38 $,1936.40 $,4025-fairview
3996 Lillibridge,Detroit,50.72 $,9.15%,No,65936.00 $,157.23 $,2764.24 $,3996-lillibridge
3965 Fairview,Detroit,50.27 $,9.35%,No,65351.00 $,327.26 $,2865.39 $,3965-fairview
3955 Lillibridge,Detroit,51.14 $,9.34%,No,66482.00 $,204.56 $,2861.85 $,3955-lillibridge
3953 Fairview,Detroit,51.99 $,9.45%,No,67587.00 $,259.95 $,3041.41 $,3953-fairview
4444 Lillibridge,Detroit,50.28 $,9.38%,No,65364.00 $,424.87 $,3100.95 $,4444-lillibridge
4456 Fairview,Detroit,51.13 $,9.19%,No,66469.00 $,281.22 $,2689.44 $,4456-fairview
Villa Marina 514,Detroit,50.92 $,11.33%,No,585580.00 $,6671.27 $,12086.15 $,villa-marina-514
16049-16081 E Seven Mile,Detroit,50.94 $,9.76%,No,565434.00 $,1816.57 $,19557.11 $,16049-16081-e-seven-mile
8106 Faith,Montgomery,48.02 $,7.22%,No,316932.00 $,369.10 $,4242.26 $,8106-faith
10764 Balfour,Detroit,52.41 $,9.25%,No,62892.00 $,52.41 $,1891.63 $,10764-balfour
10756 Balfour,Detroit,51.97 $,9.23%,No,62364.00 $,0.00 $,1740.99 $,10756-balfour
10924 Balfour,Detroit,50.56 $,9.26%,No,60672.00 $,53.09 $,1671.06 $,10924-balfour
14481 Hazelridge,Detroit,50.76 $,9.30%,No,63450.00 $,0.00 $,1583.71 $,14481-hazelridge
11420 Montrose,Detroit,50.67 $,9.27%,No,70938.00 $,147.60 $,596.88 $,11420-montrose
16644 Rossini,Detroit,50.40 $,9.24%,No,63000.00 $,201.64 $,1068.77 $,16644-rossini
9131 Quincy,Detroit,50.72 $,9.46%,No,116656.00 $,147.04 $,1630.85 $,9131-quincy
3522-3526 Harding,Detroit,50.69 $,9.41%,No,106449.00 $,197.69 $,1603.53 $,3522-3526-harding
12091 Montrose,Detroit,50.17 $,9.38%,No,65221.00 $,202.72 $,1246.26 $,12091-montrose
10410 Cadieux,Detroit,50.91 $,9.80%,No,1654575.00 $,2328.37 $,29121.50 $,10410-cadieux
10110 Cadieux,Detroit,51.64 $,9.33%,No,1187720.00 $,3091.42 $,17685.40 $,10110-cadieux
14606 Kentucky,Detroit,49.74 $,9.86%,No,84558.00 $,198.96 $,4431.49 $,14606-kentucky
1 Holdings Kinafremoha,Detroit,50.88 $,9.79%,No,524064.00 $,1515.75 $,14289.47 $,1-holdings-kinafremoha
18613 Oakfield,Detroit,50.54 $,9.40%,No,60648.00 $,90.47 $,2584.04 $,18613-oakfield
2518 Glendale,Detroit,50.51 $,9.65%,Yes,111122.00 $,262.65 $,6640.77 $,2518-glendale
19003-19005 Moross,Detroit,50.74 $,9.68%,No,96406.00 $,106.55 $,4466.69 $,19003-19005-moross
15930 Monica,Detroit,50.73 $,9.45%,Yes,103996.50 $,1170.93 $,6286.81 $,15930-monica
1 Holdings Navahoe,Detroit,50.66 $,9.31%,No,329290.00 $,2584.34 $,23822.77 $,1-holdings-navahoe
1 Holdings Tennessee,Detroit,50.43 $,9.82%,No,393354.00 $,1001.41 $,55406.77 $,1-holdings-tennessee
1 Holdings Kitchener,Detroit,50.93 $,9.69%,No,259743.00 $,534.76 $,23234.27 $,1-holdings-kitchener
1 Holdings Harding,Detroit,50.53 $,9.61%,No,389081.00 $,2604.93 $,25503.93 $,1-holdings-harding
14102 Marlowe,Detroit,50.50 $,9.06%,No,70700.00 $,0.00 $,3947.33 $,14102-marlowe
1 Holdings Montclair,Detroit,50.91 $,9.59%,No,458190.00 $,2626.96 $,40773.30 $,1-holdings-montclair
1 Holdings Conner,Detroit,50.45 $,9.54%,No,650805.00 $,5020.01 $,42901.23 $,1-holdings-conner
1 Holdings French,Detroit,50.30 $,9.48%,No,714260.00 $,6543.79 $,77521.42 $,1-holdings-french
15040 Harper,Detroit,50.70 $,9.59%,No,365040.00 $,2236.08 $,37777.60 $,15040-harper
18286 Oakfield,Detroit,49.97 $,9.24%,No,59964.00 $,159.90 $,4361.13 $,18286-oakfield
80 Colser,Covington,50.43 $,7.16%,No,242064.00 $,7644.41 $,32824.15 $,80-colser
12641 Elmdale,Detroit,51.37 $,9.05%,No,1309935.00 $,6842.35 $,117240.02 $,12641-elmdale
4101 McClellan,Detroit,50.08 $,9.30%,No,62600.00 $,355.57 $,3454.62 $,4101-mcclellan
3851 McClellan,Detroit,50.08 $,9.33%,No,62600.00 $,145.23 $,4076.51 $,3851-mcclellan
4407 McClellan,Detroit,50.07 $,9.25%,No,62587.50 $,160.22 $,5187.25 $,4407-mcclellan
3784 Seneca,Detroit,50.09 $,9.36%,No,62612.50 $,406.73 $,6507.69 $,3784-seneca
1 Holdings Belvidere,Detroit,54.45 $,9.46%,Yes,631620.00 $,4602.11 $,65843.93 $,1-holdings-belvidere
1 Holdings Rohns,Detroit,50.45 $,9.89%,Yes,766840.00 $,13105.19 $,99350.94 $,1-holdings-rohns
1890 Marloes,East Cleveland,51.96 $,0.00%,No,1169100.00 $,727.96 $,43361.65 $,1890-marloes
6582 Bewick,Detroit,49.17 $,9.70%,No,368775.00 $,1823.56 $,27784.81 $,6582-bewick
1 Holdings Holcomb,Detroit,50.37 $,9.63%,Yes,1057770.00 $,33247.53 $,125218.76 $,1-holdings-holcomb
10511 Whittier,Detroit,49.90 $,9.81%,No,349300.00 $,2990.27 $,53497.22 $,10511-whittier
12050 Bryden,Detroit,50.36 $,9.76%,No,1007200.00 $,10509.95 $,40731.06 $,12050-bryden
10059 Britain,Detroit,49.69 $,10.21%,No,84473.00 $,2005.44 $,6353.46 $,10059-britain
3280 W Boston,Detroit,50.62 $,9.74%,Yes,506200.00 $,203.49 $,27007.90 $,3280-w-boston
625 Virginia,Toledo,50.64 $,9.79%,No,308904.00 $,1286.27 $,19960.79 $,625-virginia
4239 Alter,Detroit,50.56 $,9.87%,No,551104.00 $,12214.53 $,44579.61 $,4239-alter
18438 Morang,Detroit,50.24 $,9.88%,No,205984.00 $,2415.54 $,25229.71 $,18438-morang
7501 Stockton,Detroit,50.51 $,9.95%,No,247499.00 $,7279.92 $,27487.95 $,7501-stockton
12580 Maiden,Detroit,50.77 $,10.25%,No,88847.50 $,1720.73 $,10624.65 $,12580-maiden
305 Moss,Highland Park,55.56 $,10.80%,No,91674.00 $,409.36 $,7598.22 $,305-moss
10717-10719 Bryant,Cleveland,50.23 $,10.04%,Yes,143155.50 $,306.40 $,21247.02 $,10717-10719-bryant
10862 Marne,Detroit,50.29 $,10.26%,No,70406.00 $,358.15 $,6702.19 $,10862-marne
3588 Oakman,Detroit,50.19 $,10.00%,Yes,727755.00 $,10175.43 $,46611.72 $,3588-oakman
11845 Camden,Detroit,48.32 $,10.45%,No,67648.00 $,1150.87 $,7241.27 $,11845-camden
11701 Morang,Detroit,49.28 $,10.54%,No,1576960.00 $,7323.88 $,106095.29 $,11701-morang
14745 Plymouth,Detroit,48.56 $,10.24%,No,655560.00 $,2776.74 $,42525.43 $,14745-plymouth
11830 Camden,Detroit,47.43 $,10.03%,No,66402.00 $,381.73 $,3822.02 $,11830-camden
14881 Greenfield,Detroit,50.46 $,10.99%,No,590382.00 $,11382.41 $,64713.53 $,14881-greenfield
13523 Glenside,Cleveland,50.54 $,10.00%,No,394212.00 $,5628.83 $,20232.30 $,13523-glenside
8744 Homer,Detroit,48.93 $,0.00%,No,63609.00 $,4.89 $,6075.86 $,8744-homer
22512 W McNichols,Detroit,50.44 $,10.06%,No,105924.00 $,564.30 $,6685.69 $,22512-w-mcnichols
12318 Imperial,Cleveland,49.50 $,10.03%,No,113850.00 $,1237.50 $,7337.92 $,12318-imperial
8809 Beckman,Cleveland,51.74 $,10.04%,No,113828.00 $,833.01 $,7235.48 $,8809-beckman
10610 Balfour,Detroit,49.81 $,10.04%,No,59772.00 $,657.49 $,3774.27 $,10610-balfour
15611 E Seven Mile,Detroit,48.94 $,10.03%,No,63622.00 $,856.45 $,4108.33 $,15611-e-seven-mile
18608-18612 Moross,Detroit,49.56 $,11.77%,No,99120.00 $,803.53 $,10066.94 $,18608-18612-moross
18527-18529 Kelly,Detroit,48.48 $,10.03%,No,92112.00 $,736.90 $,8394.09 $,18527-18529-kelly
18515-18517 Kelly,Detroit,49.10 $,11.22%,No,93290.00 $,491.00 $,8347.00 $,18515-18517-kelly
19400 Hickory,Detroit,50.62 $,10.01%,No,60744.00 $,921.28 $,5693.23 $,19400-hickory
13628 Tacoma,Detroit,50.61 $,11.26%,Yes,60732.00 $,46.26 $,7027.15 $,13628-tacoma
13445 Tacoma,Detroit,52.50 $,10.00%,Yes,68250.00 $,472.50 $,7159.58 $,13445-tacoma
13430 Tacoma,Detroit,50.64 $,10.12%,Yes,60768.00 $,405.28 $,5456.55 $,13430-tacoma
9201 Longacre,Detroit,52.02 $,0.00%,No,67626.00 $,673.66 $,8700.56 $,9201-longacre
19539 Hickory,Detroit,50.64 $,10.08%,No,60768.00 $,369.67 $,4736.15 $,19539-hickory
19530 Hickory,Detroit,50.62 $,10.04%,No,60744.00 $,987.09 $,6223.78 $,19530-hickory
14511 Houston-Whittier,Detroit,50.30 $,8.00%,No,643840.00 $,3382.30 $,108111.62 $,14511-houston-whittier
16810 Bringard,Detroit,50.19 $,0.00%,No,60228.00 $,1505.70 $,8177.57 $,16810-bringard
5760 Lakepointe,Detroit,50.11 $,0.00%,Yes,60132.00 $,55.12 $,7126.28 $,5760-lakepointe
15894 Tacoma,Detroit,50.96 $,10.04%,No,66248.00 $,1424.33 $,7702.55 $,15894-tacoma
10099 Greensboro,Detroit,50.10 $,10.02%,No,65130.00 $,551.10 $,9030.34 $,10099-greensboro
8003 S Ingleside,Chicago,50.64 $,8.41%,Yes,1012800.00 $,7160.86 $,61131.54 $,8003-s-ingleside
14622 Hubbell,Detroit,49.26 $,11.18%,No,78816.00 $,1373.91 $,6903.92 $,14622-hubbell
15240 Edmore,Detroit,49.98 $,10.23%,No,64974.00 $,431.58 $,7741.93 $,15240-edmore
8056 E Hollywood,Detroit,50.85 $,10.14%,No,76275.00 $,178.48 $,7033.77 $,8056-e-hollywood
19535 Fairport,Detroit,55.05 $,9.75%,No,66060.00 $,681.34 $,6213.81 $,19535-fairport
14329 Strathmoor,Detroit,49.44 $,11.91%,No,98880.00 $,99.37 $,7668.59 $,14329-strathmoor
D 1418 W Marquette,Chicago,50.36 $,7.26%,No,0.00 $,0.00 $,0.00 $,1418-w-marquette
S 1418 W Marquette,Chicago,50.36 $,7.96%,No,1264036.00 $,7261.34 $,88026.38 $,1418-w-marquette
S 14439 Longview,Detroit,53.15 $,10.59%,No,69095.00 $,292.32 $,12493.78 $,14439-longview
D 14439 Longview,Detroit,49.14 $,11.46%,No,0.00 $,0.00 $,0.00 $,14439-longview
S 9585 Abington,Detroit,49.74 $,11.36%,No,64662.00 $,124.35 $,10185.76 $,9585-abington
D 9585 Abington,Detroit,49.74 $,11.36%,No,0.00 $,0.00 $,0.00 $,9585-abington
S 14117 Manning,Detroit,50.26 $,10.47%,No,65338.00 $,1055.46 $,6116.84 $,14117-manning
D 14117 Manning,Detroit,50.26 $,10.47%,No,0.00 $,0.00 $,0.00 $,14117-manning
D 11310 Abington,Detroit,47.17 $,10.38%,No,0.00 $,0.00 $,0.00 $,11310-abington
S 11310 Abington,Detroit,52.77 $,9.28%,No,68601.00 $,346.96 $,4338.27 $,11310-abington
D 9624 Abington,Detroit,49.78 $,10.38%,No,0.00 $,0.00 $,0.00 $,9624-abington
S 9624 Abington,Detroit,49.78 $,10.38%,No,64714.00 $,1008.81 $,5649.75 $,9624-abington
S 11217 Beaconsfield,Detroit,48.01 $,10.03%,No,62413.00 $,1603.93 $,4784.88 $,11217-beaconsfield
D 22233 Lyndon,Detroit,50.20 $,10.73%,No,0.00 $,0.00 $,0.00 $,22233-lyndon
S 22233 Lyndon,Detroit,50.20 $,10.73%,No,65260.00 $,2482.39 $,11379.75 $,22233-lyndon
D 11117 Worden,Detroit,50.44 $,9.88%,No,0.00 $,0.00 $,0.00 $,11117-worden
D 11217 Beaconsfield,Detroit,48.01 $,10.03%,No,0.00 $,0.00 $,0.00 $,11217-beaconsfield
S 11117 Worden,Detroit,50.44 $,9.88%,No,65572.00 $,353.08 $,5493.27 $,11117-worden
D 10703 McKinney,Detroit,49.79 $,11.35%,No,0.00 $,0.00 $,0.00 $,10703-mckinney
S 10703 McKinney,Detroit,49.79 $,11.35%,No,64727.00 $,179.14 $,5933.70 $,10703-mckinney
D 17204 Bradford,Detroit,51.43 $,11.06%,No,0.00 $,0.00 $,0.00 $,17204-bradford
S 17204 Bradford,Detroit,51.43 $,11.06%,No,66859.00 $,244.29 $,8549.44 $,17204-bradford
S 19391 Grandview,Detroit,52.96 $,9.76%,No,68848.00 $,486.69 $,8152.11 $,19391-grandview
D 9200 Harvard,Detroit,49.74 $,10.08%,No,0.00 $,0.00 $,0.00 $,9200-harvard
S 9200 Harvard,Detroit,53.41 $,9.38%,No,69433.00 $,1412.69 $,7336.19 $,9200-harvard
618 E 79th,Chicago,50.83 $,8.50%,Yes,1143675.00 $,1868.89 $,41418.09 $,618-e-79th
D 10645 Stratman,Detroit,55.48 $,10.56%,No,0.00 $,0.00 $,0.00 $,10645-stratman
S 10645 Stratman,Detroit,55.48 $,10.56%,No,66576.00 $,1414.74 $,5634.00 $,10645-stratman
D 11965 Lakepointe,Detroit,54.25 $,9.60%,No,0.00 $,0.00 $,0.00 $,11965-lakepointe
S 11965 Lakepointe,Detroit,54.25 $,9.60%,No,70525.00 $,799.28 $,4910.89 $,11965-lakepointe
D 3510 Ewald,Detroit,50.09 $,10.51%,No,0.00 $,0.00 $,0.00 $,3510-ewald
S 3510 Ewald,Detroit,50.09 $,10.51%,Yes,936683.00 $,5790.33 $,48310.99 $,3510-ewald
D 10163 Duprey,Detroit,53.63 $,9.81%,No,0.00 $,0.00 $,0.00 $,10163-duprey
S 10163 Duprey,Detroit,53.63 $,9.81%,No,64356.00 $,809.81 $,5888.20 $,10163-duprey
D 616 E 131st,Cleveland,50.37 $,11.81%,No,0.00 $,0.00 $,0.00 $,616-e-131st
S 616 E 131st,Cleveland,50.37 $,11.81%,No,113332.50 $,642.57 $,17166.94 $,616-e-131st
11898 Laing,Detroit,51.82 $,9.30%,No,69957.00 $,793.72 $,6433.11 $,11898-laing
20257 Monica,Detroit,49.84 $,9.18%,No,67284.00 $,244.89 $,4231.72 $,20257-monica
16520 Ilene,Detroit,53.13 $,10.57%,No,70397.25 $,690.69 $,4744.66 $,16520-ilene
D 10147 Somerset,Detroit,52.58 $,10.06%,No,0.00 $,0.00 $,0.00 $,10147-somerset
S 10147 Somerset,Detroit,52.58 $,10.06%,No,70983.00 $,1097.61 $,7593.01 $,10147-somerset
14409 Linnhurst,Detroit,50.16 $,8.04%,No,1153680.00 $,3539.71 $,80114.84 $,14409-linnhurst
16085 E Seven Mile,Detroit,50.23 $,10.48%,No,547507.00 $,1295.78 $,54656.00 $,16085-e-seven-mile
2911 Sturtevant,Detroit,50.62 $,10.78%,No,1341430.00 $,5181.29 $,207456.38 $,2911-sturtevant
324 Piper,Detroit,52.04 $,9.66%,No,130100.00 $,586.90 $,7914.17 $,324-piper
D 9795-9797 Chenlot,Detroit,53.21 $,10.53%,No,0.00 $,0.00 $,0.00 $,9795-9797-chenlot
S 9795-9797 Chenlot,Detroit,53.21 $,10.53%,No,111741.00 $,1959.67 $,10869.38 $,9795-9797-chenlot
10040 Cadieux,Detroit,50.45 $,10.83%,Yes,408645.00 $,79.46 $,18078.63 $,10040-cadieux
3310-3312 Sturtevant,Detroit,51.63 $,10.49%,No,108423.00 $,256.85 $,5933.97 $,3310-3312-sturtevant
19041 Lenore,Detroit,50.26 $,4.74%,Yes,954940.00 $,259.13 $,74088.18 $,19041-lenore
19000 Fenton,Detroit,50.06 $,11.00%,Yes,1201440.00 $,2472.54 $,99763.83 $,19000-fenton
18980 Fenton,Detroit,50.25 $,9.39%,Yes,1281375.00 $,2105.47 $,94017.42 $,18980-fenton
7519-7521 Wykes,Detroit,52.38 $,11.39%,Yes,96903.00 $,529.04 $,5730.64 $,7519-7521-wykes
9415-9417 Ravenswood,Detroit,50.59 $,12.95%,Yes,93591.50 $,71.13 $,6777.97 $,9415-9417-ravenswood
2703-2705 W Grand,Detroit,52.16 $,11.52%,Yes,99104.00 $,176.77 $,6358.68 $,2703-2705-w-grand
1630 E State Fair,Detroit,50.06 $,14.33%,Yes,590708.00 $,7662.76 $,45945.26 $,1630-e-state-fair
1610 E State Fair,Detroit,50.31 $,13.42%,Yes,608751.00 $,2128.63 $,58192.59 $,1610-e-state-fair
19751 Marx,Highland Park,50.71 $,10.89%,Yes,720082.00 $,3037.28 $,58890.04 $,19751-marx
13835 La Salle,Detroit,50.14 $,8.06%,Yes,752100.00 $,21.96 $,27309.20 $,13835-la-salle
19750 Marx,Highland Park,50.31 $,10.41%,Yes,714402.00 $,7116.41 $,30594.84 $,19750-marx
4342-4344 Cortland,Detroit,53.68 $,10.34%,No,150304.00 $,425.67 $,11014.38 $,4342-4344-cortland
16007 Nelacrest,East Cleveland,50.12 $,6.09%,No,360864.00 $,1586.02 $,25629.36 $,16007-nelacrest
10411-10421 Cadieux,Detroit,50.26 $,6.76%,Yes,1055460.00 $,1185.23 $,43461.55 $,10411-10421-cadieux
1354 W 64th,Chicago,51.03 $,4.73%,No,944055.00 $,2770.02 $,22172.09 $,1354-w-64th
16851-16881 Greenfield,Detroit,50.85 $,10.30%,Yes,1881450.00 $,7045.29 $,77693.59 $,16851-16881-greenfield
3344 E 140th,Cleveland,51.94 $,9.80%,No,197372.00 $,367.47 $,8056.01 $,3344-e-140th
10030 Cadieux,Detroit,51.61 $,6.04%,No,412880.00 $,1961.49 $,19531.52 $,10030-cadieux
212 N Park,Jackson,50.72 $,5.67%,No,228240.00 $,71.01 $,14866.54 $,212-n-park
10435-10445 Cadieux,Detroit,50.54 $,9.65%,No,833910.00 $,3418.20 $,23991.41 $,10435-10445-cadieux
9151 Whittier,Detroit,50.02 $,9.66%,No,1050420.00 $,2549.52 $,27520.16 $,9151-whittier
16767 Greenfield,Detroit,50.60 $,7.22%,No,597080.00 $,1497.89 $,12606.45 $,16767-greenfield
3747 Scovel,Detroit,50.19 $,12.79%,Yes,692622.00 $,1049.66 $,44136.09 $,3747-scovel
1389 Bird,Birmingham,52.74 $,7.46%,Yes,922950.00 $,7698.00 $,47328.62 $,1389-bird
19268 Eureka,Detroit,52.76 $,10.39%,No,110796.00 $,283.02 $,5529.71 $,19268-eureka
8065 Lost Shaker,Kissimmee,50.55 $,7.80%,Yes,682425.00 $,683.03 $,60020.40 $,8065-lost-shaker
3323 Waverly,Detroit,52.65 $,10.72%,No,57915.00 $,100.99 $,2881.29 $,3323-waverly
10518 Woodland,Cleveland,50.06 $,11.14%,No,360432.00 $,470.16 $,24306.86 $,10518-woodland
425 Steward,Jackson,50.73 $,11.37%,No,182628.00 $,507.81 $,4605.43 $,425-steward
1907 Ottawa,Toledo,51.87 $,11.03%,Yes,363090.00 $,57.58 $,12084.79 $,1907-ottawa
13245 Monica,Detroit,51.34 $,11.84%,Yes,872780.00 $,4358.71 $,31518.72 $,13245-monica
15440-15444 St Clair,Cleveland,49.59 $,11.65%,No,223155.00 $,1025.12 $,9713.51 $,15440-15444-st-clair
11750 Morang,Detroit,51.64 $,11.58%,No,619680.00 $,1245.56 $,25055.01 $,11750-morang
7337 S Yale,Chicago,51.62 $,9.58%,No,645250.00 $,1334.27 $,16905.84 $,7337-s-yale
9135 Yorkshire,Detroit,50.86 $,10.88%,No,111892.00 $,334.46 $,5999.63 $,9135-yorkshire
4000 Taylor,Detroit,54.34 $,10.50%,No,59774.00 $,0.00 $,2381.60 $,4000-taylor
2626-2638 Wreford,Detroit,51.79 $,11.31%,No,362530.00 $,31.70 $,30629.37 $,2626-2638-wreford
8017-8019 S Paulina,Chicago,51.25 $,8.89%,No,486875.00 $,2312.17 $,15278.56 $,8017-8019-s-paulina
5517-5519 Elmhurst,Detroit,54.37 $,10.92%,No,103303.00 $,13.37 $,10322.07 $,5517-5519-elmhurst
12730 Wade,Detroit,50.65 $,10.66%,No,65845.00 $,161.07 $,2869.03 $,12730-wade
20160 Conant,Detroit,51.89 $,12.42%,Yes,985910.00 $,33.73 $,66373.86 $,20160-conant
2661-2663 Cortland,Detroit,52.85 $,16.48%,No,89845.00 $,97.51 $,19159.45 $,2661-2663-cortland
5846 Crane,Detroit,52.90 $,11.00%,No,158700.00 $,86.23 $,7325.87 $,5846-crane
12779 Strathmoor,Detroit,55.23 $,13.54%,No,71799.00 $,1128.85 $,8713.17 $,12779-strathmoor
18668 St Louis,Detroit,53.65 $,11.18%,No,53650.00 $,118.03 $,3375.15 $,18668-st-louis
19144 Riopelle,Highland Park,53.87 $,12.40%,No,80805.00 $,35.55 $,10731.65 $,19144-riopelle
8060 Dreamsicle,Kissimmee,50.79 $,8.37%,Yes,685665.00 $,472.35 $,19308.58 $,8060-dreamsicle
9171 Whittier,Detroit,49.50 $,12.64%,No,297000.00 $,35.64 $,14614.36 $,9171-whittier
20039 Bloom,Detroit,50.25 $,0.00%,No,50250.00 $,1786.43 $,3391.62 $,20039-bloom
338 Willard,Toledo,48.15 $,14.67%,No,144450.00 $,139.63 $,7225.26 $,338-willard
19962 Waltham,Detroit,53.62 $,12.19%,No,58982.00 $,27.24 $,2866.50 $,19962-waltham
1612 Denver,Toledo,48.72 $,14.33%,No,121800.00 $,101.19 $,2930.48 $,1612-denver
1204 E Manhattan,Toledo,51.20 $,13.64%,No,435200.00 $,2695.68 $,38729.77 $,1204-e-manhattan
601 Milton,Toledo,48.71 $,15.22%,No,121775.00 $,4.87 $,6184.10 $,601-milton
128 E Weber,Toledo,48.15 $,16.01%,No,144450.00 $,242.68 $,12516.85 $,128-e-weber
13041 Hayes,Detroit,51.97 $,12.92%,No,337805.00 $,2851.35 $,55285.71 $,13041-hayes
8366 Schaefer,Detroit,51.44 $,12.67%,No,308640.00 $,4170.60 $,68278.44 $,8366-schaefer
2950-2952 Monterey,Detroit,58.03 $,11.11%,No,203105.00 $,0.58 $,28533.78 $,2950-2952-monterey
17616 Beland,Detroit,56.68 $,12.49%,No,56680.00 $,72.58 $,10219.88 $,17616-beland
20552 Waltham,Detroit,53.45 $,12.26%,No,53450.00 $,91.40 $,10105.62 $,20552-waltham
8531 Intervale,Detroit,53.92 $,11.35%,No,53920.00 $,5.39 $,7357.64 $,8531-intervale
2550 Greenway,Toledo,51.39 $,12.93%,No,513900.00 $,1181.97 $,15248.51 $,2550-greenway
12747-12749 Nashville,Detroit,51.15 $,11.85%,Yes,434775.00 $,546.90 $,12691.57 $,12747-12749-nashville
14263 Ohio,Detroit,51.80 $,11.58%,No,51800.00 $,31.26 $,2669.27 $,14263-ohio
18949 Fenmore,Detroit,55.59 $,11.18%,No,77826.00 $,3.40 $,2024.42 $,18949-fenmore
20418 Andover,Detroit,50.40 $,10.83%,No,50400.00 $,161.28 $,3791.30 $,20418-andover
14432 Wilshire,Detroit,57.17 $,10.98%,No,74321.00 $,29.16 $,7341.68 $,14432-wilshire
19154 Sherwood,Detroit,51.70 $,10.56%,No,51700.00 $,43.45 $,2397.19 $,19154-sherwood
882-884 Pingree,Detroit,53.76 $,11.88%,No,91392.00 $,54.57 $,4381.98 $,882-884-pingree
15208 Bringard,Detroit,55.67 $,11.57%,No,66804.00 $,137.50 $,3167.12 $,15208-bringard
11758 Christy,Detroit,58.65 $,11.15%,No,58650.00 $,0.00 $,3946.57 $,11758-christy
15841 Coram,Detroit,62.50 $,10.38%,No,62500.00 $,536.09 $,15228.45 $,15841-coram
14215 Hampshire,Detroit,50.75 $,10.73%,No,50750.00 $,69.28 $,2230.81 $,14215-hampshire
14839 Wisconsin,Detroit,56.95 $,12.24%,No,56950.00 $,227.80 $,3011.11 $,14839-wisconsin
116 Monterey,Highland Park,56.90 $,10.19%,No,68280.00 $,716.94 $,15112.42 $,116-monterey
14884 Ward,Detroit,58.80 $,11.12%,No,58800.00 $,40.57 $,3410.78 $,14884-ward
15379 Patton,Detroit,51.80 $,12.83%,No,51800.00 $,5.18 $,14682.16 $,15379-patton
12410 Hamburg,Detroit,53.55 $,11.20%,No,53550.00 $,133.88 $,3061.50 $,12410-hamburg
15864 Eastburn,Detroit,51.15 $,10.67%,No,51150.00 $,122.76 $,1554.99 $,15864-eastburn
7109-7111 Pilgrim,Detroit,54.03 $,11.14%,No,86448.00 $,0.00 $,1686.33 $,7109-7111-pilgrim
7430 Nett,Detroit,52.75 $,11.55%,No,84400.00 $,5.28 $,19080.58 $,7430-nett
5772-5774 Chalmers,Detroit,53.35 $,0.00%,No,90695.00 $,618.86 $,9233.53 $,5772-5774-chalmers
5278-5280 Drexel,Detroit,54.78 $,17.58%,No,98604.00 $,82.17 $,5018.64 $,5278-5280-drexel
1521-1523 S Drake,Chicago,49.95 $,7.70%,Yes,799200.00 $,871.90 $,22822.00 $,1521-1523-s-drake
19191 Bradford,Detroit,56.64 $,14.48%,No,62304.00 $,504.61 $,4725.49 $,19191-bradford
10003 Pinehurst,Detroit,57.00 $,10.53%,No,62700.00 $,0.00 $,5497.08 $,10003-pinehurst
11217 Greenwich,Cleveland,51.21 $,11.22%,No,117783.00 $,16.90 $,5838.67 $,11217-greenwich
2318-2324 W Marquette,Chicago,51.67 $,11.41%,No,516700.00 $,459.79 $,19157.60 $,2318-2324-w-marquette
893-895 W Philadelphia,Detroit,54.95 $,10.81%,No,98910.00 $,134.13 $,4569.69 $,893-895-w-philadelphia
10021 Grayton,Detroit,56.73 $,10.89%,No,62403.00 $,187.33 $,7321.63 $,10021-grayton
15203 Park Grove,Detroit,53.00 $,11.84%,No,63600.00 $,47.70 $,3274.04 $,15203-park-grove
738-742 E 87th,Chicago,49.05 $,11.40%,No,402210.00 $,160.39 $,9524.28 $,738-742-e-87th
13370 Wilshire,Detroit,58.38 $,10.54%,No,58380.00 $,9.34 $,3473.95 $,13370-wilshire
14066 Santa Rosa,Detroit,52.22 $,12.34%,No,313320.00 $,383.29 $,9325.54 $,14066-santa-rosa
1617 S Avers,Chicago,50.85 $,0.50%,No,396630.00 $,165.33 $,8263.95 $,1617-s-avers
1815 S Avers,Chicago,54.95 $,5.07%,No,329700.00 $,156.06 $,4277.39 $,1815-s-avers
11957 Olga,Detroit,53.45 $,10.33%,No,69485.00 $,925.75 $,6506.05 $,11957-olga
12405 Santa Rosa,Detroit,50.51 $,11.10%,Yes,131326.00 $,209.62 $,4422.20 $,12405-santa-rosa
4852-4854 W Cortez,Chicago,50.90 $,11.04%,No,916200.00 $,11592.09 $,89500.08 $,4852-4854-w-cortez
12409 Whitehill,Detroit,54.24 $,11.69%,No,59664.00 $,0.00 $,11675.97 $,12409-whitehill
13606 Winthrop,Detroit,50.86 $,12.29%,No,55946.00 $,15.26 $,4522.91 $,13606-winthrop
19996 Joann,Detroit,51.75 $,10.27%,No,56925.00 $,323.18 $,3434.02 $,19996-joann
11078 Longview,Detroit,50.59 $,13.09%,No,758850.00 $,1011.80 $,11592.29 $,11078-longview
1542 S Ridgeway,Chicago,52.23 $,10.59%,No,417840.00 $,529.12 $,32464.04 $,1542-s-ridgeway
402 S Kostner,Chicago,51.93 $,8.24%,No,571230.00 $,51.93 $,53352.45 $,402-s-kostner
14918 Joy,Detroit,49.44 $,12.01%,Yes,692160.00 $,4.94 $,50205.46 $,14918-joy
10700 Whittier,Detroit,51.29 $,12.33%,No,718060.00 $,1192.43 $,54435.88 $,10700-whittier
17500 Evergreen,Detroit,57.08 $,10.60%,Yes,68496.00 $,733.14 $,10071.78 $,17500-evergreen
15753 Hartwell,Detroit,55.76 $,13.35%,No,94792.00 $,1298.34 $,20699.66 $,15753-hartwell
11653 Nottingham,Detroit,58.02 $,10.50%,No,69624.00 $,638.13 $,9704.13 $,11653-nottingham
19200 Strasburg,Detroit,56.13 $,10.14%,No,67356.00 $,336.78 $,5383.94 $,19200-strasburg
18983 Alcoy,Detroit,54.82 $,0.00%,No,65784.00 $,0.00 $,0.00 $,18983-alcoy
14494 Chelsea,Detroit,53.16 $,10.33%,No,63792.00 $,0.00 $,11875.32 $,14494-chelsea
13045 Wade,Detroit,56.00 $,11.54%,No,67200.00 $,65.69 $,13875.90 $,13045-wade
10639 Stratman,Detroit,58.00 $,10.15%,No,69600.00 $,5.89 $,3729.00 $,10639-stratman
9920 Bishop,Detroit,57.17 $,11.83%,No,68604.00 $,114.34 $,5682.13 $,9920-bishop
10629 McKinney,Detroit,54.10 $,10.90%,No,64920.00 $,113.61 $,5223.14 $,10629-mckinney
11300 Roxbury,Detroit,59.07 $,11.89%,No,76791.00 $,29.54 $,11397.91 $,11300-roxbury
9481 Wayburn,Detroit,57.53 $,11.04%,No,69036.00 $,110.86 $,10002.76 $,9481-wayburn
5601 S Wood,Chicago,54.08 $,10.63%,No,297440.00 $,586.78 $,30604.06 $,5601-s-wood
14229 Wilshire,Detroit,54.68 $,10.88%,No,65616.00 $,2.73 $,9542.28 $,14229-wilshire
18776 Sunderland,Detroit,52.88 $,10.65%,No,63456.00 $,2.64 $,11621.23 $,18776-sunderland
17809 Charest,Detroit,56.00 $,11.34%,Yes,67200.00 $,5.60 $,5533.22 $,17809-charest
14882 Troester,Detroit,54.21 $,0.00%,Yes,65052.00 $,8.82 $,18315.03 $,14882-troester
14825 Wilfred,Detroit,52.75 $,10.67%,Yes,63300.00 $,108.92 $,10203.92 $,14825-wilfred
11078 Wayburn,Detroit,51.83 $,11.88%,Yes,62196.00 $,226.50 $,10464.51 $,11078-wayburn
15860 Hartwell,Detroit,54.04 $,10.70%,Yes,64848.00 $,54.04 $,541.44 $,15860-hartwell
11201 College,Detroit,55.71 $,12.04%,Yes,66852.00 $,13.66 $,2777.02 $,11201-college
19333 Moenart,Detroit,55.25 $,11.33%,Yes,66300.00 $,0.00 $,4894.45 $,19333-moenart
8181 Bliss,Detroit,53.96 $,12.50%,Yes,64752.00 $,0.00 $,5759.73 $,8181-bliss
12866 Lauder,Detroit,54.25 $,11.43%,Yes,65100.00 $,0.00 $,2859.61 $,12866-lauder
15350 Greydale,Detroit,54.42 $,11.58%,Yes,65304.00 $,36.95 $,2485.42 $,15350-greydale
14231 Strathmoor,Detroit,52.46 $,15.42%,No,68198.00 $,854.84 $,8721.01 $,14231-strathmoor
15373 Parkside,Detroit,58.82 $,10.75%,No,64702.00 $,30.00 $,3077.96 $,15373-parkside
10617 Hathaway,Cleveland,54.02 $,14.82%,Yes,97236.00 $,648.24 $,1889.62 $,10617-hathaway
19218 Houghton,Detroit,55.91 $,11.87%,No,61501.00 $,311.19 $,5148.99 $,19218-houghton
1115 S. Troy,Chicago,53.38 $,10.90%,No,587180.00 $,432.38 $,58452.90 $,1115-s.-troy
9465 Beaconsfield,Detroit,55.92 $,11.86%,No,67104.00 $,0.00 $,1590.51 $,9465-beaconsfield
19136 Tracey,Detroit,56.67 $,11.28%,No,68004.00 $,119.01 $,2056.87 $,19136-tracey
19020 Rosemont,Detroit,56.50 $,12.22%,No,67800.00 $,0.00 $,1801.79 $,19020-rosemont
16200 Fullerton,Detroit,185.80 $,12.41%,No,706040.00 $,30881.15 $,136827.96 $,16200-fullerton
15634 Liberal,Detroit,51.58 $,14.04%,No,61896.00 $,1.22 $,8944.43 $,15634-liberal
20200 Lesure,Detroit,71.50 $,13.14%,No,71500.00 $,71.50 $,4087.45 $,20200-lesure
9336 Patton,Detroit,65.50 $,12.54%,No,65500.00 $,32.75 $,3498.42 $,9336-patton
8342 Schaefer,Detroit,52.00 $,12.94%,No,208000.00 $,596.24 $,21024.84 $,8342-schaefer
5942 Audubon,Detroit,82.00 $,14.25%,No,61500.00 $,0.00 $,4131.11 $,5942-audubon
25097 Andover,Dearborn Heights,60.68 $,10.46%,No,84952.00 $,0.00 $,5698.50 $,25097-andover
18900 Mansfield,Detroit,53.45 $,15.45%,No,58795.00 $,4.81 $,4353.57 $,18900-mansfield
18276 Appoline,Detroit,54.23 $,12.56%,No,75922.00 $,418.53 $,4812.08 $,18276-appoline
9943 Marlowe,Detroit,68.50 $,13.20%,No,68500.00 $,0.00 $,7591.17 $,9943-marlowe
3432 Harding,Detroit,51.23 $,11.38%,No,66599.00 $,0.00 $,18758.65 $,3432-harding
10084 Grayton,Detroit,52.94 $,11.09%,No,68822.00 $,115.41 $,12657.42 $,10084-grayton
12334 Lansdowne,Detroit,55.15 $,11.46%,No,71695.00 $,162.33 $,12055.42 $,12334-lansdowne
9169 Boleyn,Detroit,59.05 $,10.98%,No,76765.00 $,3.54 $,5446.57 $,9169-boleyn
9166 Devonshire,Detroit,57.89 $,12.83%,No,81046.00 $,58.64 $,5087.26 $,9166-devonshire
15778 Manor,Detroit,62.35 $,12.64%,No,81055.00 $,100.72 $,12032.16 $,15778-manor
10974 Worden,Detroit,55.15 $,11.21%,No,71695.00 $,56.80 $,7189.51 $,10974-worden
9165 Kensington,Detroit,56.85 $,12.30%,No,73905.00 $,346.41 $,28522.94 $,9165-kensington
9309 Courville,Detroit,53.53 $,12.83%,No,74942.00 $,53.53 $,14738.99 $,9309-courville
10616 McKinney,Detroit,52.81 $,10.88%,No,68653.00 $,108.26 $,12509.08 $,10616-mckinney
18433 Faust,Detroit,59.00 $,9.17%,No,76700.00 $,104.43 $,10481.83 $,18433-faust
9133 Devonshire,Detroit,58.27 $,12.28%,No,75751.00 $,2.33 $,4305.28 $,9133-devonshire
10604 Somerset,Detroit,54.38 $,11.41%,No,70694.00 $,54.33 $,2079.28 $,10604-somerset
4340 East 71,Cleveland,54.37 $,13.08%,No,434960.00 $,6439.56 $,23482.00 $,4340-east-71
10612 Somerset,Detroit,51.15 $,10.68%,No,66495.00 $,40.92 $,7201.45 $,10612-somerset
13116 Kilbourne,Detroit,53.62 $,10.32%,Yes,69706.00 $,428.96 $,4706.76 $,13116-kilbourne
13114 Glenfield,Detroit,59.94 $,10.48%,No,107892.00 $,788.47 $,8886.80 $,13114-glenfield
6923 Greenview,Detroit,53.62 $,10.68%,No,69706.00 $,107.24 $,3963.73 $,6923-greenview
15784 Monte Vista,Detroit,55.50 $,11.73%,No,66600.00 $,0.05 $,9897.27 $,15784-monte-vista
15048 Freeland,Detroit,50.65 $,11.29%,No,65845.00 $,20.72 $,2509.44 $,15048-freeland
18273 Monte Vista,Detroit,55.23 $,10.39%,No,71799.00 $,2.76 $,386.65 $,18273-monte-vista
15095 Hartwell,Detroit,52.08 $,12.16%,No,67704.00 $,67.03 $,1477.51 $,15095-hartwell
18466 Fielding,Detroit,54.38 $,11.39%,No,70694.00 $,0.00 $,516.07 $,18466-fielding
13991 Warwick,Detroit,46.65 $,10.73%,No,60645.00 $,88.68 $,5339.28 $,13991-warwick
1000 Florida,Akron,58.99 $,12.44%,No,235960.00 $,1410.45 $,24323.80 $,1000-florida
10024-10028 Appoline,Detroit,173.74 $,10.24%,No,694960.00 $,944.45 $,33863.08 $,10024-10028-appoline
19317 Gable,Detroit,46.69 $,10.51%,No,60697.00 $,46.69 $,1534.78 $,19317-gable
581-587 Jefferson,Rochester,58.48 $,0.00%,No,584800.00 $,2064.46 $,24800.39 $,581-587-jefferson
272 N.E. 42nd Court,Deerfield Beach,108.83 $,4.41%,No,326490.00 $,339.70 $,27488.57 $,272-n.e.-42nd-court
15770 Prest,Detroit,56.04 $,11.50%,No,72852.00 $,56.04 $,1108.16 $,15770-prest
1244 S. Avers,Chicago,50.00 $,10.40%,No,400000.00 $,804.00 $,3940.44 $,1244-s.-avers
19596 Goulburn,Detroit,50.46 $,11.22%,No,65598.00 $,10.09 $,8061.15 $,19596-goulburn
18481 Westphalia,Detroit,53.83 $,10.35%,No,64596.00 $,0.05 $,218.36 $,18481-westphalia
15039 Ward,Detroit,52.13 $,12.36%,No,62556.00 $,0.00 $,2431.03 $,15039-ward
19311 Keystone,Detroit,52.13 $,10.63%,No,62556.00 $,0.00 $,582.82 $,19311-keystone
4680 Buckingham,Detroit,50.54 $,11.00%,No,60648.00 $,1.01 $,758.35 $,4680-buckingham
4061 Grand,Detroit,71.11 $,11.23%,No,127998.00 $,7.11 $,1873.09 $,4061-grand
19163 Mitchell,Detroit,56.33 $,11.57%,No,67596.00 $,2.82 $,678.53 $,19163-mitchell
19201 Westphalia,Detroit,52.17 $,11.87%,No,62604.00 $,17.16 $,1204.28 $,19201-westphalia
9717 Everts,Detroit,50.50 $,11.81%,No,60600.00 $,58.07 $,1960.41 $,9717-everts
15796 Hartwell,Detroit,53.04 $,11.84%,No,63648.00 $,4.51 $,1834.55 $,15796-hartwell
17813 Bradford,Detroit,51.33 $,12.08%,No,61596.00 $,59.03 $,1353.46 $,17813-bradford
4380 Beaconsfield,Detroit,53.88 $,11.54%,No,64656.00 $,161.66 $,1425.46 $,4380-beaconsfield
13895 Saratoga,Detroit,58.50 $,10.86%,No,70200.00 $,831.77 $,2365.52 $,13895-saratoga
14078 Carlisle,Detroit,54.25 $,11.53%,No,65100.00 $,59.68 $,1268.53 $,14078-carlisle
14319 Rosemary,Detroit,49.69 $,11.81%,No,64597.00 $,54.66 $,972.58 $,14319-rosemary
15777 Ardmore,Detroit,48.37 $,10.12%,No,62881.00 $,331.45 $,1202.57 $,15777-ardmore
1-449 of 449,,,,,,,,1-449-of-449
